"","region","X2005","X2006","X2007","X2008","X2009","X2010","X2011","X2012","X2013","X2014","X2015","X2016","X2017","X2018","X2019","X2020","X2021","X2022","X2023","X2024","X2025","X2026","X2027","X2028","X2029","X2030","X2031","X2032","X2033","X2034","X2035","X2036","X2037","X2038","X2039","X2040","X2041","X2042","X2043","X2044","X2045","X2046","X2047","X2048","X2049","X2050"
"1","AFG",0.735049076,0.808778503,0.889903392,0.979165549,1.077381187,1.185448389,1.216251477,1.247854964,1.280279646,1.313546862,1.347678505,1.373543672,1.399905254,1.426772778,1.454155953,1.482064677,1.521913574,1.562833905,1.604854478,1.648004876,1.692315477,1.744762255,1.798834417,1.854582337,1.912057948,1.971314793,2.037778568,2.1064832,2.177504239,2.250919785,2.326810569,2.413888326,2.504224852,2.5979421,2.695166591,2.796029577,2.908327818,3.025136345,3.146636308,3.273016131,3.404471805,3.547551201,3.69664378,3.852002258,4.013889972,4.182581324
"2","AGO",3.414291009,3.709942333,4.031194786,4.38026523,4.759562487,5.171703968,5.299975122,5.43142772,5.566140671,5.704194839,5.845673095,6.033299136,6.22694733,6.426810965,6.633089538,6.845988944,6.877434507,6.909024508,6.940759611,6.972640483,7.004667792,6.974978972,6.945415987,6.915978302,6.886665387,6.857476713,6.786543227,6.716343475,6.646869867,6.578114891,6.510071114,6.490569563,6.47112643,6.451741541,6.432414722,6.413145798,6.468978287,6.525296852,6.582105722,6.639409167,6.697211493,6.829675089,6.964758671,7.10251406,7.242994102,7.386252687
"3","ALB",6.098735184,6.383196705,6.680926282,6.992542772,7.318693899,7.660057598,7.78993694,7.922018438,8.05633943,8.192937889,8.331852429,8.525117018,8.722864548,8.925199004,9.132226785,9.344056755,9.570789569,9.803024036,10.04089366,10.28453516,10.53408861,10.7827824,11.03734748,11.29792245,11.56464919,11.83767295,12.10237461,12.37299524,12.64966722,12.93252584,13.22170945,13.51696741,13.81881887,14.12741106,14.44289452,14.76542313,15.08762376,15.41685523,15.75327096,16.09702771,16.44828568,16.78100653,17.12045776,17.4667755,17.82009867,18.18056896
"4","ARG",10.83537714,11.46362234,12.12829377,12.83150347,13.57548592,14.36260516,14.87283494,15.40119058,15.94831599,16.51487795,17.10156697,17.62950945,18.17375006,18.73479191,19.31315369,19.90937007,20.47005444,21.04652871,21.63923755,22.24863816,22.87520061,23.46145407,24.06273223,24.67942015,25.31191276,25.96061511,26.56685586,27.18725374,27.82213935,28.47185102,29.13673497,29.7398421,30.35543307,30.98376628,31.62510548,32.27971989,32.88395572,33.49950209,34.12657071,34.76537727,35.41614149,36.05159138,36.69844275,37.35690018,38.0271719,38.70946989
"5","ARM",4.110491475,4.257599503,4.409972296,4.567798272,4.731272591,4.900597399,5.088265833,5.283121032,5.485438213,5.695503133,5.913612492,6.131301295,6.357003545,6.591014227,6.833639188,7.085195532,7.333408601,7.590317228,7.856226041,8.131450341,8.416316473,8.696835778,8.986704907,9.286235495,9.59574956,9.915579857,10.2215896,10.53704326,10.8622323,11.19745716,11.54302756,11.87147547,12.20926911,12.5566744,12.91396485,13.28142171,13.61838675,13.96390098,14.31818131,14.68145013,15.05393551,15.39174524,15.7371354,16.09027611,16.45134128,16.82050874
"6","AUS",32.48191109,33.10649186,33.74308243,34.39191373,35.05322112,35.72724451,36.35301816,36.98975243,37.63763929,38.29687409,38.96765559,39.68667546,40.41896248,41.16476144,41.92432167,42.69789709,43.30179971,43.91424369,44.53534985,45.1652407,45.80404048,46.33923602,46.88068504,47.42846059,47.98263661,48.54328787,49.05048362,49.56297871,50.08082852,50.60408898,51.13281663,51.6520141,52.17648344,52.70627819,53.24145242,53.78206076,54.32648313,54.87641656,55.43191682,55.99304027,56.55984384,57.06857791,57.58188786,58.09981483,58.62240035,59.14968633
"7","AUT",33.76499744,34.07930103,34.39653033,34.71671258,35.03987526,35.36604613,35.99586663,36.63690337,37.28935609,37.9534281,38.62932631,39.19086106,39.76055855,40.33853744,40.92491812,41.51982272,42.02921173,42.54485021,43.06681485,43.59518325,44.13003397,44.65416789,45.18452697,45.72118513,46.26421721,46.81369889,47.40209786,47.99789239,48.60117543,49.2120411,49.83058471,50.51714242,51.21315941,51.91876601,52.63409434,53.35927836,54.09761534,54.84616875,55.60507996,56.37449229,57.15455105,57.88833649,58.63154273,59.3842907,60.14670292,60.91890346
"8","AZE",4.591899683,5.227838576,5.951849574,6.776129913,7.71456604,8.782967556,8.912391561,9.043722731,9.17698917,9.312219397,9.449442348,9.639187464,9.832742669,10.03018447,10.23159091,10.43704159,10.56738201,10.69935015,10.83296634,10.96825117,11.10522546,11.25508456,11.40696594,11.56089686,11.71690501,11.8750184,11.92233453,11.96983918,12.01753312,12.0654171,12.11349187,12.19355198,12.27414121,12.35526308,12.43692109,12.51911879,12.65442505,12.79119369,12.92944052,13.06918152,13.21043284,13.389713,13.57142619,13.75560543,13.94228419,14.13149639
"9","BDI",0.492526575,0.498591403,0.504730913,0.510946022,0.517237662,0.523606776,0.537613632,0.551995181,0.566761447,0.581922721,0.597489571,0.622828978,0.649243025,0.676777286,0.705479269,0.735398497,0.770674089,0.807641779,0.846382736,0.886982019,0.929528768,0.979510183,1.032179133,1.087680131,1.146165455,1.207795577,1.274147052,1.344143612,1.417985505,1.495883976,1.578061879,1.667727798,1.762488559,1.862633653,1.96846902,2.080317982,2.197883693,2.322093435,2.453322684,2.591968135,2.738448904,2.889367256,3.048602852,3.216614064,3.393884523,3.580924514
"10","BEN",1.354817347,1.368352554,1.382022983,1.395829986,1.409774927,1.423859184,1.437960703,1.452201881,1.466584099,1.481108754,1.495777258,1.530530843,1.566091909,1.602479218,1.639711966,1.677809797,1.730774677,1.785411546,1.841773184,1.899914039,1.959890277,2.028810187,2.100153679,2.174005978,2.250455307,2.329592991,2.414971324,2.503478726,2.595229877,2.690343658,2.788943309,2.901133193,3.017836101,3.139233578,3.265514471,3.396875222,3.541939658,3.693199108,3.850918132,4.015372587,4.186850113,4.372162588,4.565677104,4.767756687,4.978780432,5.199144214
"11","BFA",1.008908386,1.03314092,1.057955484,1.083366059,1.109386959,1.136032844,1.173513674,1.2122311,1.252225919,1.293540277,1.336217708,1.388633495,1.443105396,1.499714065,1.558543321,1.619680271,1.686652337,1.756393628,1.829018647,1.904646633,1.983401757,2.065306253,2.150592991,2.239401641,2.331877641,2.428172434,2.527349528,2.630577444,2.738021637,2.849854316,2.966254726,3.094363049,3.228004188,3.367417097,3.512851052,3.664566093,3.83013488,4.003184232,4.184052128,4.373091817,4.570672511,4.781239772,5.0015077,5.231923197,5.472953754,5.725088397
"12","BGD",1.169045486,1.22688155,1.287578932,1.351279189,1.418130882,1.488289922,1.565502736,1.646721369,1.732153642,1.822018161,1.916544871,2.03024328,2.150686812,2.278275616,2.413433586,2.556609759,2.691747579,2.834028543,2.983830223,3.141550153,3.307606876,3.460191361,3.61981478,3.786801848,3.96149226,4.144241383,4.314489653,4.491731838,4.676255253,4.868359016,5.068354534,5.271754076,5.483316301,5.703368789,5.932252265,6.170321126,6.409150289,6.657223601,6.914898868,7.182547743,7.460556266,7.738862228,8.027550017,8.327006915,8.637634646,8.959849926
"13","BGR",9.826075372,10.15311647,10.49104246,10.84021565,11.20101035,11.57381338,11.88740207,12.20948734,12.54029941,12.88007472,13.22905613,13.86886454,14.53961657,15.24280877,15.98001007,16.75286528,17.44437198,18.16442194,18.91419335,19.69491301,20.50785838,21.23950714,21.99725858,22.78204393,23.59482769,24.43660874,25.16644615,25.91808129,26.69216519,27.48936832,28.31038115,29.01920355,29.74577312,30.4905342,31.25394228,32.03646421,32.70816893,33.3939572,34.0941243,34.80897173,35.53880728,36.19249076,36.85819777,37.53614947,38.22657109,38.92969198
"14","BLR",8.537005488,9.193916646,9.90137624,10.6632739,11.48379857,12.36746152,12.92478319,13.50721976,14.11590298,14.75201562,15.41679376,16.07714579,16.76578288,17.48391656,18.23281028,19.01378157,19.68815569,20.38644827,21.10950765,21.85821224,22.63347163,23.32332593,24.03420658,24.76675442,25.52162988,26.29951348,27.00525583,27.72993664,28.47406412,29.23816012,30.02276048,30.70801513,31.40891037,32.1258032,32.85905875,33.6090505,34.24344395,34.88981201,35.5483807,36.21938031,36.9030455,37.48806992,38.08236875,38.68608901,39.29938005,39.9223936
"15","BLT",14.32750437,14.41892663,14.51093224,14.60352492,14.69670843,14.79048654,15.44890045,16.13662435,16.85496299,17.60527923,18.38899657,19.05287569,19.74072216,20.45340125,21.19180946,21.95687567,22.55703828,23.17360556,23.8070259,24.45775997,25.126281,25.7364227,26.36138049,27.00151412,27.65719213,28.32879198,28.979762,29.64569072,30.32692189,31.02380713,31.73670616,32.40682975,33.09110306,33.78982488,34.50330027,35.23184076,35.88756485,36.55549308,37.23585258,37.92887472,38.63479517,39.22900156,39.8323469,40.44497173,41.06701879,41.69863298
"16","BLX",34.03967888,34.22666506,34.41467839,34.60372451,34.7938091,34.98493785,35.32694628,35.67229814,36.02102612,36.37316322,36.72874277,37.16479057,37.60601519,38.05247807,38.50424141,38.96136814,39.47823466,40.00195801,40.53262913,41.07034021,41.61518463,42.22278968,42.83926609,43.46474342,44.09935306,44.74322836,45.43814295,46.14385037,46.86051826,47.58831683,48.32741897,49.07146078,49.82695776,50.59408625,51.37302534,52.16395687,52.91580497,53.67848958,54.4521669,55.23699537,56.0331357,56.78527035,57.54750093,58.31996296,59.10279377,59.89613254
"17","BLZ",6.53744478,6.552620398,6.567831244,6.583077399,6.598358945,6.613675965,6.638189273,6.662793439,6.687488799,6.712275691,6.737154454,6.819169839,6.902183647,6.98620803,7.071255293,7.157337886,7.314891797,7.475913929,7.640480629,7.808669922,7.980561553,8.185573183,8.39585133,8.611531286,8.832751817,9.059655253,9.29876005,9.544175363,9.796067741,10.05460813,10.31997198,10.60032521,10.88829453,11.18408686,11.4879147,11.79999635,12.12400523,12.45691088,12.79895757,13.15039632,13.51148501,13.88064202,14.25988503,14.64948961,15.04973886,15.46092361
"18","BOL",3.779673762,3.887331384,3.998055452,4.111933308,4.229054782,4.349512263,4.496790337,4.649055368,4.806476218,4.969227468,5.13748961,5.322191519,5.51353379,5.711755156,5.917102935,6.129833332,6.375937789,6.631923004,6.898185678,7.175138435,7.463210467,7.755743537,8.059742933,8.375658095,8.703956082,9.04512226,9.380752895,9.728837527,10.08983828,10.46423441,10.85252299,11.24958472,11.66117377,12.08782164,12.5300793,12.98851785,13.45658164,13.94151292,14.44391953,14.96443124,15.50370049,16.04648994,16.60828261,17.18974382,17.79156217,18.41445038
"19","BRA",8.537008005,8.827672932,9.128234311,9.439029094,9.760405705,10.09272443,10.33933127,10.59196374,10.85076905,11.11589805,11.38750524,11.7565423,12.13753882,12.53088237,12.93697307,13.35622404,13.70894468,14.07098023,14.44257666,14.82398648,15.21546884,15.54705539,15.88586812,16.23206451,16.58580546,16.94725538,17.26918712,17.5972343,17.93151309,18.27214188,18.61924129,18.96184088,19.3107444,19.66606786,20.02792937,20.39644924,20.75615023,21.12219472,21.49469457,21.87376364,22.25951777,22.6362734,23.01940584,23.40902304,23.80523473,24.20815254
"20","BTN",3.481121642,3.709036515,3.951873357,4.210609135,4.486284778,4.780009367,5.178075686,5.609291898,6.076418635,6.582446429,7.130614858,7.816135818,8.567561191,9.391226877,10.29407789,11.28372693,12.01354878,12.79057488,13.61785836,14.49864984,15.43641016,16.23474962,17.07437756,17.95742934,18.88615075,19.86290372,20.7361961,21.64788366,22.59965446,23.59327082,24.63057251,25.59201374,26.59098432,27.62894917,28.70743043,29.82800963,30.86627139,31.94067325,33.0524732,34.202973,35.39351971,36.48561636,37.61141056,38.77194208,39.96828277,41.20153756
"21","BWA",11.67384401,11.8275202,11.98321941,12.14096826,12.30079375,12.46272319,12.8635154,13.27719679,13.70418187,14.14489849,14.59978824,15.11043168,15.63893542,16.18592416,16.75204443,17.33796536,17.82701107,18.32985112,18.8468746,19.37848157,19.92508339,20.398697,20.88356828,21.37996481,21.88816055,22.40843596,22.85879072,23.3181965,23.78683521,24.26489242,24.75255741,25.22786778,25.71230529,26.2060452,26.70926614,27.22215017,27.71378642,28.21430169,28.72385635,29.24261365,29.77073978,30.27610859,30.79005622,31.31272828,31.84427289,32.38484066
"22","CAF",0.67508743,0.681460141,0.687893009,0.694386602,0.700941494,0.707558263,0.725010958,0.742894144,0.761218437,0.779994719,0.799234139,0.829199512,0.860288366,0.892542822,0.926006581,0.960724985,1.000640893,1.042215215,1.085516854,1.130617576,1.17759213,1.228055183,1.280680716,1.335561398,1.392793868,1.452478906,1.515377669,1.581000228,1.649464533,1.720893646,1.795415956,1.877774583,1.963911132,2.053998905,2.148219149,2.246761427,2.354230834,2.466840827,2.584837298,2.708477898,2.838032602,2.976551336,3.121830894,3.274201259,3.434008518,3.601615653
"23","CAN",35.05024005,35.10649195,35.16283414,35.21926674,35.27578992,35.33240381,35.80375181,36.28138779,36.76539561,37.25586029,37.75286795,38.29831471,38.85164199,39.41296364,39.98239517,40.56005374,40.98627969,41.41698465,41.85221567,42.29202033,42.73644668,43.1766385,43.62136437,44.07067098,44.52460551,44.98321564,45.49597768,46.01458468,46.53910326,47.0696008,47.60614547,48.15516233,48.71051072,49.27226365,49.84049498,50.41527943,50.94859856,51.48755942,52.03222169,52.58264569,53.13889235,53.6289874,54.12360256,54.6227795,55.12656031,55.63498744
"24","CHL",12.77355135,12.93740921,13.10336903,13.27145776,13.44170272,13.61413157,14.15487507,14.71709652,15.301649,15.90941948,16.54133017,17.14544938,17.77163212,18.42068418,19.09344079,19.79076769,20.38028528,20.98736313,21.61252431,22.25630748,22.91926735,23.49047503,24.07591869,24.67595312,25.29094197,25.92125794,26.4931954,27.07775233,27.67520716,28.28584449,28.90995518,29.53359838,30.17069477,30.82153455,31.4864142,32.16563657,32.84626581,33.54129726,34.25103567,34.97579224,35.71588475,36.42842892,37.15518858,37.89644734,38.65249448,39.42362501
"25","CHM",4.802723987,5.258109449,5.756673723,6.302510945,6.900103449,7.554358576,8.152042307,8.797013421,9.493013187,10.24407888,11.05456718,11.87193195,12.74973193,13.69243565,14.70484204,15.79210485,16.6845918,17.62751743,18.62373226,19.67624794,20.78824629,21.66055712,22.56947162,23.51652576,24.50331992,25.53152168,26.33392579,27.16154783,28.01518035,28.89564083,29.80377239,30.59332489,31.40379397,32.23573375,33.08971303,33.96631567,34.75356143,35.55905338,36.38321442,37.22647724,38.08928458,38.83061715,39.5863783,40.35684885,41.14231508,41.94306886
"26","CHP",37.45838003,37.63985353,37.82220622,38.00544235,38.18956619,38.37458206,38.85270919,39.33679354,39.82690932,40.32313169,40.82553672,41.44025622,42.0642317,42.69760251,43.34051014,43.99309817,44.52280711,45.05889412,45.60143602,46.15051052,46.70619627,47.19421932,47.68734163,48.18561646,48.68909766,49.19783963,49.73080021,50.26953436,50.81410462,51.36457422,51.92100705,52.59874978,53.28533932,53.98089115,54.68552226,55.39935116,56.19035302,56.99264895,57.80640021,58.63177035,59.46892527,60.32837065,61.20023674,62.08470304,62.98195165,63.89216731
"27","CIV",1.66239068,1.668736531,1.675106606,1.681500997,1.687919797,1.6943631,1.739577884,1.785999243,1.833659376,1.882591339,1.932829072,2.050803493,2.17597874,2.30879433,2.449716609,2.599240384,2.794663115,3.004778616,3.230691558,3.473589664,3.734749956,3.998931237,4.281799645,4.584677034,4.908978759,5.256220291,5.583114736,5.930339375,6.299158583,6.690915366,7.107036256,7.506356092,7.92811233,8.373565597,8.844047344,9.340963837,9.822275982,10.32838871,10.86057993,11.42019339,12.00864206,12.57027287,13.15817053,13.77356351,14.41773773,15.09203927
"28","CMR",1.991939963,2.004994893,2.018135383,2.031361995,2.044675292,2.058075843,2.111105552,2.165501658,2.221299369,2.278534801,2.337244997,2.421175505,2.508119959,2.598186589,2.691487515,2.788138877,2.905719204,3.028258084,3.155964626,3.28905676,3.427761604,3.576812283,3.73234419,3.894639151,4.063991246,4.240707344,4.419216853,4.605240592,4.799094865,5.001109293,5.211627373,5.430980363,5.659565734,5.897772071,6.146004311,6.404684436,6.671718726,6.949886634,7.239652361,7.541499462,7.855931653,8.177040801,8.511275202,8.859171346,9.221287654,9.598205372
"29","COD",0.275449624,0.28320404,0.291176758,0.299373921,0.307801851,0.316467042,0.330418114,0.344984203,0.360192421,0.376071075,0.392649721,0.415225268,0.439098806,0.464344962,0.491042655,0.519275342,0.560047092,0.604020102,0.651445724,0.702595047,0.757760441,0.814512246,0.875514427,0.941085313,1.011567073,1.087327502,1.160978486,1.239618278,1.323584797,1.413238855,1.508965701,1.607604328,1.712690801,1.824646605,1.943920778,2.070991708,2.201487217,2.340205393,2.487664358,2.644414877,2.811042422,2.979183385,3.157381609,3.346238662,3.546392095,3.758517597
"30","COG",3.3683708,3.452064623,3.537837985,3.625742555,3.715831288,3.808158453,4.016978223,4.237248593,4.469597455,4.714687129,4.973216258,5.157852531,5.349343634,5.547944061,5.753917754,5.967538452,6.210736767,6.463846273,6.727270889,7.001430989,7.286764084,7.558381314,7.840123192,8.132367119,8.435504562,8.749941582,9.048772929,9.357810078,9.677401582,10.0079079,10.34970179,10.69155167,11.04469282,11.4094982,11.78635307,12.17565543,12.568574,12.97417239,13.39285977,13.82505854,14.27120473,14.71997347,15.18285408,15.66029031,16.15273989,16.66067491
"31","COL",7.358110673,7.569819597,7.787619849,8.011686691,8.242200425,8.479346543,8.765133516,9.060552622,9.365928501,9.681596735,10.00790422,10.30522307,10.61137479,10.92662179,11.25123428,11.58549048,11.83318955,12.08618445,12.34458841,12.60851708,12.87808857,13.18257943,13.49426972,13.81332964,14.13993344,14.47425951,14.81920731,15.17237584,15.53396102,15.90416342,16.28318842,16.67738087,17.08111616,17.49462529,17.91814487,18.35191726,18.78927576,19.23705729,19.69551024,20.16488893,20.64545374,21.13278137,21.63161219,22.1422177,22.66487585,23.19987113
"32","CRB",18.6494398,18.02520277,17.42186031,16.83871301,16.27508492,15.73032268,16.01385907,16.30250616,16.59635606,16.89550256,17.20004112,17.57620088,17.96058714,18.35337981,18.75476274,19.16492379,19.55091399,19.94467821,20.34637302,20.75615814,21.17419652,21.5589449,21.95068439,22.34954203,22.75564717,23.16913149,23.56602506,23.96971753,24.38032537,24.79796702,25.222763,25.62908781,26.04195828,26.46147988,26.88775973,27.32090672,27.72587797,28.13685202,28.55391783,28.97716571,29.40668729,29.80623757,30.21121655,30.62169801,31.0377567,31.45946841
"33","CRI",9.139125902,9.387884424,9.643413922,9.905898695,10.17552806,10.45249649,10.76798955,11.09300531,11.42783118,11.77276327,12.12810663,12.50563989,12.89492531,13.2963287,13.7102273,14.13701007,14.51905017,14.91141457,15.31438226,15.7282398,16.15328147,16.52818067,16.91178085,17.30428396,17.70589661,18.11683024,18.50631628,18.90417572,19.31058856,19.72573871,20.14981399,20.57107822,21.00114966,21.44021244,21.88845453,22.34606784,22.79241981,23.24768745,23.71204885,24.18568564,24.66878309,25.13295601,25.6058629,26.0876681,26.57853905,27.07864633
"34","CUB",9.699994223,8.735865719,7.867566527,7.085571717,6.381303085,5.747035058,5.946340427,6.152557642,6.365926406,6.586694732,6.815119234,6.981208602,7.151345688,7.325629137,7.50416,7.687041788,7.878851209,8.075446718,8.276947738,8.483476673,8.695158982,8.894886195,9.099201129,9.308209162,9.522018097,9.740738208,9.960526452,10.18527396,10.41509263,10.65009688,10.89040373,11.15986143,11.43598624,11.71894312,12.0089011,12.30603342,12.64382213,12.99088282,13.34746998,13.71384512,14.09027691,14.47541478,14.87107985,15.27755987,15.69515044,16.12415527
"35","CYP",17.94203328,18.13106405,18.32208638,18.51512125,18.71018987,18.90731366,18.66973444,18.43514051,18.20349436,17.97475895,17.74889772,17.87396915,17.99992192,18.12676225,18.25449638,18.38313062,18.53280585,18.68369972,18.83582218,18.98918321,19.14379291,19.35044034,19.55931842,19.77045124,19.98386313,20.19957869,20.44426267,20.69191059,20.94255835,21.19624229,21.45299918,21.73248899,22.01562,22.30243965,22.59299598,22.88733768,23.17926492,23.47491569,23.77433747,24.07757836,24.38468708,24.68090387,24.98071899,25.28417617,25.59131964,25.90219418
"36","CZE",21.33202895,21.78512108,22.24783689,22.72038078,23.2029615,23.69579223,24.23988841,24.79647797,25.36584779,25.94829132,26.54410876,27.32532517,28.12953345,28.9574103,29.80965228,30.6869765,31.52309832,32.38200177,33.2643076,34.17065344,35.10169429,36.04166837,37.00681364,37.99780415,39.01533198,40.06010779,41.07483549,42.11526638,43.18205151,44.27585845,45.39737167,46.41437907,47.45416983,48.51725433,49.60415441,50.7154036,51.63889671,52.579206,53.53663768,54.51150354,55.50412105,56.45819052,57.42865964,58.41581032,59.41992929,60.44130823
"37","DEU",31.40327822,31.7427778,32.08594769,32.43282757,32.78345756,33.1378782,33.75603561,34.38572418,35.02715904,35.68055928,36.34614812,36.81737878,37.29471897,37.77824793,38.26804587,38.76419408,39.17545953,39.59108828,40.0111266,40.43562128,40.8646196,41.25800135,41.65516997,42.05616192,42.46101401,42.86976339,43.35255245,43.84077857,44.33450298,44.83378759,45.33869503,45.97636656,46.62300669,47.27874158,47.94369912,48.61800904,49.29749088,49.98646911,50.68507645,51.39344748,52.11171865,52.79870212,53.49474203,54.19995776,54.91447028,55.63840215
"38","DJI",1.850946029,1.901860175,1.95417482,2.00792849,2.063160767,2.119912323,2.183859106,2.249734833,2.31759769,2.387507618,2.459526366,2.565254115,2.675526786,2.790539753,2.910496786,3.035610416,3.188284794,3.348637846,3.517055768,3.693944178,3.879729095,4.078083569,4.286579085,4.505734113,4.73609363,4.978230475,5.222539662,5.478838447,5.747715225,6.029787267,6.325702138,6.618784414,6.92544577,7.246315353,7.582051458,7.93334288,8.275582431,8.632585987,9.004990457,9.393460228,9.798688347,10.19241896,10.60197044,11.02797851,11.47110442,11.932036
"39","DNK",33.29649983,33.12787497,32.96010409,32.79318286,32.62710697,32.46187215,32.79804934,33.137708,33.48088419,33.82761433,34.17793523,34.61365371,35.05492696,35.50182579,35.95442192,36.412788,36.76351961,37.11762951,37.47515023,37.83611463,38.20055587,38.53918835,38.88082268,39.22548545,39.57320352,39.92400397,40.3265936,40.73324291,41.14399283,41.5588847,41.97796031,42.49661296,43.02167375,43.55322185,44.09133742,44.63610159,45.26921421,45.91130681,46.56250676,47.22294326,47.89274729,48.60548555,49.32883076,50.06294077,50.80797577,51.56409837
"40","DOM",6.427268791,6.77863184,7.149203046,7.540032472,7.952227587,8.386956399,8.666596226,8.955559869,9.254158203,9.562712472,9.881554628,10.20675625,10.54266025,10.88961883,11.24799581,11.61816696,11.93922782,12.26916099,12.60821166,12.95663178,13.31468028,13.65012867,13.99402829,14.34659209,14.70803833,15.0785908,15.43046945,15.79055964,16.15905301,16.53614566,16.92203826,17.31175042,17.71043759,18.11830647,18.53556851,18.96244004,19.38460329,19.81616521,20.25733505,20.70832671,21.16935885,21.62240442,22.08514562,22.55778995,23.04054934,23.53364027
"41","DZA",7.09956631,7.190185955,7.281962278,7.374910045,7.469044208,7.564379909,7.689404505,7.816495516,7.945687097,8.077013965,8.210511412,8.432895059,8.661302019,8.895895437,9.136842872,9.384316426,9.662698114,9.949337876,10.24448068,10.54837877,10.86129187,11.12633847,11.39785297,11.67599321,11.96092086,12.25280156,12.45352136,12.65752925,12.86487912,13.07562569,13.28982461,13.46060587,13.63358175,13.80878047,13.98623058,14.16596102,14.38351328,14.60440658,14.82869223,15.05642232,15.28764976,15.58531098,15.88876788,16.1981333,16.51352228,16.8350521
"42","ECU",6.496094224,6.631319095,6.769358852,6.91027209,7.054118626,7.20095952,7.396087275,7.596502497,7.802348465,8.013772336,8.230925259,8.422510322,8.618554766,8.81916239,9.024439407,9.234494502,9.475509059,9.722813946,9.976573336,10.23695569,10.50413386,10.78273867,11.06873301,11.36231287,11.66367946,11.9730393,12.28130549,12.5975085,12.92185271,13.2545477,13.59580849,13.95902731,14.3319497,14.71483491,15.10794908,15.51156549,15.93331772,16.3665372,16.81153571,17.26863352,17.73815961,18.21941561,18.71372862,19.22145289,19.74295228,20.27860054
"43","EGY",4.528861449,4.715727239,4.910303317,5.112907817,5.323872001,5.543540799,5.639803712,5.73773822,5.837373348,5.938738628,6.041864104,6.313793194,6.597961128,6.894918745,7.205241676,7.529531462,7.853843332,8.19212396,8.544975005,8.913024046,9.296925689,9.678186812,10.07508322,10.48825609,10.91837293,11.36612859,11.80548742,12.2618297,12.73581194,13.22811601,13.73945014,14.23730684,14.75320365,15.28779427,15.84175608,16.41579101,16.95833054,17.51880092,18.09779477,18.69592428,19.31382188,19.89736382,20.49853672,21.11787327,21.75592227,22.41324909
"44","ERI",0.589576319,0.568103317,0.547412385,0.527475039,0.508263832,0.489752318,0.497690709,0.505757773,0.513955595,0.522286297,0.53075203,0.52742621,0.52412123,0.52083696,0.51757327,0.514330031,0.524494688,0.534860228,0.545430621,0.556209916,0.567202241,0.581657412,0.596480974,0.611682316,0.627271063,0.643257091,0.661560056,0.680383805,0.699743157,0.719653352,0.740130063,0.765893047,0.792552808,0.820140561,0.848688608,0.878230377,0.914286741,0.951823425,0.990901204,1.031583348,1.073935726,1.123933108,1.176258132,1.231019162,1.288329608,1.348308157
"45","ETH",0.636625941,0.687087463,0.741548768,0.800326894,0.863764009,0.932229404,0.974838637,1.019395402,1.065988714,1.114711658,1.165661572,1.218427738,1.273582476,1.331233912,1.391495063,1.454484065,1.516255752,1.580650872,1.647780841,1.717761809,1.790714857,1.869955617,1.952702852,2.039111728,2.129344276,2.223569695,2.322466638,2.425762186,2.533651974,2.646340339,2.764040706,2.89592099,3.03409366,3.178858943,3.330531392,3.489440567,3.661119215,3.841244364,4.030231575,4.228516859,4.436557674,4.654581631,4.883319851,5.12329886,5.375071061,5.639216001
"46","FJI",4.336557165,4.299408197,4.262577464,4.22606224,4.189859823,4.153967533,4.204213701,4.255067644,4.306536713,4.35862835,4.411350084,4.482023032,4.55382821,4.626783758,4.700908105,4.776219977,4.894537411,5.015785827,5.140037831,5.26736783,5.397852072,5.554648654,5.715999857,5.882037983,6.052899177,6.22872354,6.416722944,6.610396669,6.809915981,7.015457315,7.227202432,7.457401073,7.694931931,7.94002855,8.192931911,8.453890672,8.730368008,9.015887301,9.31074426,9.615244267,9.929702688,10.25852523,10.59823674,10.94919781,11.31178097,11.68637109
"47","FNP",30.87311131,31.03732634,31.20241482,31.36838142,31.5352308,31.70296766,32.26974826,32.84666168,33.43388906,34.0316148,34.64002658,35.10875934,35.58383478,36.06533871,36.55335813,37.04798121,37.47573632,37.90843029,38.34612013,38.78886353,39.23671883,39.70379047,40.1764221,40.65467991,41.13863088,41.62834277,42.17738548,42.73366961,43.29729066,43.86834539,44.44693185,45.07819662,45.71842703,46.36775041,47.02629592,47.69419453,48.33572135,48.98587725,49.64477829,50.3125421,50.9892879,51.64436605,52.30786023,52.97987857,53.66053057,54.34992716
"48","FRP",30.60021116,30.60175843,30.60330578,30.60485321,30.60640072,30.6079483,30.80924319,31.0118619,31.21581315,31.42110569,31.62774835,32.00042025,32.37748337,32.75898944,33.14499083,33.5355405,33.93869436,34.34669481,34.75960011,35.17746923,35.60036185,36.05825855,36.52204478,36.99179629,37.46758982,37.94950306,38.45933092,38.97600799,39.4996263,40.0302791,40.56806088,41.12529607,41.69018534,42.26283381,42.84334808,43.43183619,44.02359563,44.62341781,45.23141258,45.84769129,46.4723668,47.06995446,47.67522649,48.28828171,48.90922019,49.53814332
"49","GAB",12.93989116,13.07130274,13.20404887,13.33814311,13.47359914,13.61043081,13.83503439,14.06334444,14.29542214,14.53132965,14.77113019,14.97006169,15.17167231,15.37599814,15.58307575,15.79294219,16.10456736,16.42234149,16.74638591,17.07682436,17.413783,17.77292322,18.13947032,18.51357705,18.89539933,19.28509627,19.68113499,20.08530676,20.49777861,20.91872097,21.34830781,21.81070051,22.28310839,22.76574836,23.25884205,23.76261588,24.29164211,24.83244604,25.38528986,25.95044163,26.52817535,27.11776935,27.7204672,28.33656013,28.96634585,29.61012868
"50","GEO",3.52246846,3.723794684,3.936627682,4.161625121,4.39948226,4.650934093,4.959022225,5.287518796,5.637775703,6.0112344,6.409431826,6.757980826,7.125484144,7.512972528,7.921532777,8.352310795,8.720163842,9.1042179,9.505186492,9.923814571,10.3608799,10.75287553,11.15970201,11.58192044,12.02011317,12.47488457,12.91067922,13.36169782,13.8284722,14.31155276,14.81150914,15.30929652,15.82381362,16.35562268,16.90530486,17.47346084,18.01815035,18.57981913,19.15899647,19.75622815,20.37207697,20.95322212,21.55094533,22.16571953,22.79803111,23.44838037
"51","GHA",1.210991609,1.260300234,1.311616586,1.365022415,1.420602799,1.478446281,1.57797977,1.684214155,1.797600562,1.918620485,2.047787837,2.150616031,2.258607669,2.37202203,2.491131411,2.616221784,2.739048847,2.867642426,3.002273251,3.143224759,3.290793695,3.433597783,3.582598858,3.738065839,3.900279315,4.069532049,4.234685958,4.406542312,4.585373117,4.771461416,4.96510174,5.164854473,5.372643527,5.588792214,5.813636854,6.047527298,6.289340955,6.540823662,6.802362042,7.074358175,7.357230221,7.648650322,7.951613582,8.266577225,8.594016587,8.934425832
"52","GIN",0.969309628,0.971121166,0.972936089,0.974754405,0.976576118,0.978401237,1.026006491,1.075928035,1.128278569,1.18317628,1.240745103,1.38779246,1.552267188,1.736234698,1.942005184,2.172162634,2.36435646,2.573555672,2.801264916,3.049121965,3.318909505,3.563528411,3.826176855,4.108183698,4.410975743,4.736084956,5.030937397,5.344146341,5.676854603,6.030276142,6.405700496,6.772775005,7.160884479,7.571234315,8.005098982,8.463825982,8.913529744,9.387127366,9.885888387,10.4111498,10.96431964,11.50880123,12.08032146,12.68022304,13.30991538,13.97087786
"53","GMB",1.580430374,1.628081689,1.677169733,1.727737822,1.779830582,1.833493983,1.884900929,1.937749206,1.992079227,2.047932537,2.105351845,2.17295029,2.24271918,2.314728203,2.389049285,2.465756662,2.564990968,2.668218955,2.775601351,2.887305347,3.003504868,3.133827074,3.269803967,3.411680903,3.559713885,3.714170025,3.870428871,4.033261684,4.202945036,4.379767137,4.56402832,4.756276304,4.95662224,5.165407236,5.382986764,5.609731271,5.845222987,6.090600445,6.346278638,6.612689983,6.890285047,7.178467824,7.478703703,7.791496799,8.117372313,8.45687741
"54","GNB",1.011208333,1.021527709,1.031952394,1.042483462,1.053122,1.063869105,1.091813024,1.120490928,1.149922094,1.180126309,1.211123877,1.244997076,1.279817655,1.315612109,1.352407677,1.390232359,1.449857388,1.512039647,1.576888812,1.644519263,1.715050284,1.803983809,1.897528961,1.995924875,2.099423085,2.208288171,2.328638097,2.455546998,2.589372331,2.730491038,2.8793006,3.040313985,3.2103314,3.38985636,3.579420536,3.779585332,3.991570883,4.215446065,4.451877731,4.701570137,4.965267037,5.239103942,5.528043086,5.832917365,6.15460561,6.494035119
"55","GNQ",24.18130214,25.37204481,26.62142238,27.93232217,29.30777366,30.75095552,30.94551561,31.14130667,31.33833649,31.53661291,31.73614382,31.59669463,31.45785818,31.31963178,31.18201275,31.04499843,31.49776989,31.95714473,32.42321927,32.8960912,33.37585967,33.82445727,34.27908436,34.739822,35.20675232,35.67995854,36.14496366,36.61602904,37.09323366,37.57665753,38.0663817,38.59034607,39.12152254,39.66001039,40.20591024,40.75932413,41.33789497,41.9246785,42.51979132,43.12335165,43.73547941,44.35762363,44.98861796,45.62858829,46.2776623,46.93596948
"56","GRC",24.44018807,24.37420302,24.30839613,24.24276691,24.17731487,24.11203955,23.7637279,23.4204478,23.08212657,22.74869258,22.42007522,22.95936813,23.51163321,24.07718248,24.65633549,25.24941945,25.74378135,26.24782243,26.76173221,27.28570389,27.81993449,28.38953548,28.9707988,29.56396323,30.16927245,30.7869751,31.38349353,31.99156991,32.61142818,33.24329662,33.88740793,34.51139028,35.14686225,35.79403543,36.45312526,37.12435118,37.77431038,38.43564883,39.10856573,39.79326382,40.48994934,41.20236628,41.92731813,42.66502545,43.41571265,44.17960813
"57","GRL",36.60001784,28.74341024,22.57331228,17.72769561,13.92224533,10.93367798,11.4209588,11.92995624,12.46163816,13.01701552,13.59714437,14.45651244,15.37019438,16.34162293,17.37444781,18.47254939,19.32536014,20.21754207,21.15091282,22.12737391,23.14891468,24.10122748,25.09271704,26.12499505,27.19973949,28.31869735,29.3649851,30.44992993,31.5749601,32.74155663,33.95125527,35.13375222,36.35743465,37.62373704,38.93414379,40.29019103,41.60043204,42.95328221,44.35012721,45.79239775,47.28157107,48.72221148,50.20674733,51.73651607,53.31289593,54.93730711
"58","GSA",6.379038205,5.816463692,5.303503255,4.835781372,4.409308405,4.020446566,4.179621032,4.345097413,4.517125209,4.695963799,4.88188283,5.06814788,5.261519751,5.462269599,5.670678927,5.887039976,6.102649316,6.32615522,6.557846895,6.79802414,7.046997733,7.274189628,7.508706082,7.750783237,8.000664846,8.25860252,8.500520612,8.749525178,9.005823799,9.269630141,9.541164125,9.814912126,10.0965143,10.386196,10.68418903,10.99073185,11.30891106,11.6363015,11.97316981,12.31979038,12.67644555,13.03395583,13.40154888,13.77950906,14.16812874,14.56770856
"59","GTM",4.091011515,4.13132045,4.17202655,4.21313373,4.254645941,4.296567173,4.330774789,4.365254753,4.400009232,4.435040414,4.4703505,4.550406098,4.63189534,4.714843903,4.799277919,4.885223989,5.031832366,5.182840544,5.338380564,5.498588429,5.663604224,5.850994938,6.044585817,6.244582004,6.451195431,6.664645042,6.884986011,7.11261171,7.347762981,7.590688629,7.841645683,8.1081893,8.383792941,8.668764563,8.963422592,9.268096276,9.58640485,9.915645589,10.25619395,10.60843829,10.97278031,11.35077015,11.74178097,12.14626131,12.56467518,12.99750254
"60","HND",3.285830751,3.331138712,3.37707142,3.423637488,3.470845652,3.518704763,3.574163168,3.630495655,3.687716,3.745838197,3.804876458,3.893484988,3.984157047,4.07694069,4.171885092,4.269040573,4.403415179,4.542019431,4.684986465,4.832453605,4.984562501,5.160035926,5.341686609,5.529732009,5.724397242,5.925915348,6.134669021,6.35077651,6.574496871,6.806098284,7.045858376,7.301459551,7.566333117,7.840815448,8.125255119,8.42001335,8.729783092,9.050949169,9.383930848,9.729162823,10.08709578,10.45614055,10.83868713,11.2352295,11.6462797,12.07236851
"61","HRV",15.37526515,15.53334232,15.69304473,15.85438908,16.01739225,16.1820713,16.31858565,16.45625166,16.59507904,16.73507759,16.87625719,17.24961897,17.63124081,18.02130546,18.41999971,18.82751447,19.17176428,19.5223085,19.8792622,20.24274259,20.61286901,20.97232139,21.338042,21.71014013,22.08872701,22.47391578,22.8503654,23.23312075,23.62228745,24.01797289,24.42028627,24.80069737,25.18703439,25.57938965,25.97785688,26.3825313,26.74525452,27.11296469,27.48573036,27.86362104,28.24670719,28.59901467,28.9557163,29.31686691,29.68252196,30.05273766
"62","HTI",1.024999722,1.018409623,1.011861895,1.005356264,0.998892461,0.992470215,1.036418463,1.082312813,1.130239442,1.180288343,1.232553493,1.287584699,1.345072945,1.405127934,1.467864266,1.533401657,1.614239766,1.699339511,1.788925557,1.883234415,1.982515062,2.091246278,2.205940867,2.32692589,2.454546348,2.589166162,2.728872093,2.876116261,3.031305413,3.194868244,3.367256579,3.548875385,3.740290115,3.94202913,4.154649287,4.37873748,4.609537457,4.852502729,5.108274518,5.377527847,5.660973318,5.948673003,6.250994046,6.568679525,6.902510287,7.253306861
"63","HUN",16.97894361,16.97966983,16.98039607,16.98112235,16.98184866,16.982575,17.18668469,17.39324753,17.60229301,17.81385095,18.02795156,18.37030317,18.71915605,19.07463366,19.43686181,19.80596869,20.25725821,20.7188306,21.19092017,21.67376654,22.16761483,22.70423907,23.25385368,23.81677313,24.3933195,24.98382265,25.58586654,26.2024181,26.83382691,27.48045099,28.14265701,28.76418162,29.39943248,30.04871271,30.71233216,31.39060751,32.04585308,32.7147762,33.39766238,34.09480309,34.80649586,35.51701334,36.24203486,36.9818565,37.73678039,38.50711481
"64","IDN",3.103845939,3.244954258,3.392477702,3.546707917,3.70794981,3.876522148,4.085287027,4.305294657,4.537150502,4.781492631,5.038993477,5.333295556,5.644786328,5.974469699,6.323408205,6.692726441,7.060454355,7.448386864,7.857634095,8.289367175,8.744821574,9.151828649,9.577778908,10.02355402,10.49007667,10.97831253,11.42157197,11.88272842,12.36250448,12.86165194,13.38095294,13.87888644,14.39534908,14.9310304,15.48664554,16.0629363,16.60260907,17.16041345,17.73695859,18.33287415,18.94881091,19.52900475,20.12696354,20.74323124,21.37836844,22.03295292
"65","IND",2.214275314,2.350270162,2.49461745,2.647830161,2.810452785,2.983063255,3.136904255,3.298679064,3.46879684,3.647687842,3.835804519,4.048272554,4.272509349,4.509166786,4.758932852,5.022533645,5.27743134,5.545265302,5.826692056,6.122401449,6.433118336,6.717464325,7.014378502,7.324416386,7.648158048,7.9862092,8.299732004,8.625563094,8.964185669,9.316101897,9.681833662,10.03390553,10.39878019,10.77692322,11.16881711,11.57496189,11.96117125,12.36026685,12.77267864,13.19885093,13.63924286,14.06114326,14.49609423,14.94449948,15.40677516,15.88335034
"66","IRL",38.95785494,38.35053189,37.75267654,37.1641413,36.58478087,36.01445222,36.3130676,36.61415897,36.91774684,37.22385193,37.5324951,38.00955457,38.49267774,38.98194169,39.47742446,39.9792051,40.44990316,40.92614302,41.40798993,41.89550989,42.38876971,42.95511449,43.52902606,44.1106055,44.69995526,45.29717917,45.87956921,46.46944709,47.06690909,47.67205271,48.28497671,48.84527263,49.4120702,49.98544484,50.56547289,51.15223155,51.6768432,52.2068352,52.74226275,53.28318158,53.82964802,54.38801044,54.95216462,55.52217065,56.09808921,56.67998164
"67","IRN",9.273095024,9.587274401,9.912098409,10.2479277,10.59513513,10.95410621,10.95136542,10.94862532,10.9458859,10.94314717,10.94040912,11.13262159,11.32821105,11.52723683,11.7297593,11.9358399,12.24493325,12.56203096,12.88734031,13.22107395,13.56345003,13.8992742,14.24341321,14.59607292,14.95746431,15.32780357,15.71884492,16.11986248,16.53111075,16.95285075,17.38535013,17.81530456,18.25589213,18.7073758,19.17002504,19.64411599,20.06938523,20.50386099,20.94774258,21.40123363,21.86454215,22.28596883,22.71551827,23.15334704,23.5996147,24.05448392
"68","IRQ",3.083696739,3.112647133,3.141869319,3.17136585,3.2011393,3.231192269,3.48299778,3.754426392,4.047007326,4.362388974,4.702348187,4.986243842,5.287279176,5.606488967,5.944970465,6.303887162,6.445541095,6.590378118,6.738469757,6.889889146,7.044711063,7.235592922,7.431646871,7.633013052,7.839835404,8.052261767,8.24098702,8.434135529,8.631810964,8.834119427,9.041169504,9.165780297,9.29210855,9.420177935,9.550012448,9.681636418,9.81817714,9.956643505,10.09706267,10.23946217,10.38386995,10.52583458,10.6697401,10.81561304,10.96348031,11.11336917
"69","ISL",34.62223704,34.19984146,33.78259916,33.37044726,32.96332367,32.56116704,33.00382216,33.452495,33.90726735,34.36822213,34.8354434,35.43322252,36.04125957,36.65973059,37.28881462,37.92869379,38.54656391,39.17449933,39.81266401,40.4612246,41.12035043,41.82994334,42.55178134,43.28607573,44.03304147,44.79289721,45.57884296,46.37857909,47.19234756,48.02039458,48.86297069,49.73279852,50.61811047,51.51918219,52.43629421,53.36973209,54.27836699,55.20247165,56.14230946,57.09814827,58.07026052,58.97755112,59.89901724,60.83488036,61.78536542,62.75070087
"70","ISR",24.5414403,24.96057651,25.38687103,25.82044611,26.2614261,26.70993745,27.25874076,27.81882021,28.39040748,28.97373904,29.56905619,30.16880637,30.78072131,31.40504774,32.0420374,32.69194715,33.29062057,33.90025723,34.5210579,35.15322703,35.79697279,36.41125878,37.03608608,37.67163559,38.31809131,38.97564039,39.61461354,40.26406212,40.92415787,41.59507534,42.27699194,42.96259165,43.65930962,44.36732617,45.08682452,45.81799086,46.52911936,47.25128509,47.98465935,48.72941612,49.48573205,50.21280798,50.95056657,51.69916478,52.45876188,53.22951945
"71","ITP",28.32210894,28.06818326,27.81653419,27.56714132,27.31998441,27.07504341,27.14566821,27.21647724,27.28747097,27.35864988,27.43001447,27.74265537,28.05885969,28.37866803,28.70212146,29.02926155,29.37180368,29.71838776,30.0690615,30.42387315,30.78287154,31.15634247,31.53434451,31.91693263,32.30416248,32.69609036,33.09813576,33.50512488,33.91711851,34.3341782,34.75636623,35.19588389,35.64095954,36.09166347,36.54806685,37.01024177,37.50854832,38.01356409,38.52537939,39.04408579,39.56977606,40.13868276,40.71576881,41.3011518,41.89495102,42.49728747
"72","JAM",7.001220831,6.981282328,6.961400608,6.941575508,6.921806867,6.902094524,6.956032664,7.010392316,7.065176776,7.120389363,7.176033422,7.271655511,7.368551783,7.466739218,7.56623502,7.667056624,7.794514226,7.924090692,8.055821244,8.189741693,8.325888443,8.473670607,8.624075862,8.777150769,8.932942712,9.091499917,9.261277143,9.434224837,9.610402205,9.789869558,9.972688336,10.19024954,10.41255699,10.63971423,10.87182707,11.10900362,11.37853403,11.65460389,11.93737184,12.2270004,12.52365603,12.84172438,13.16787084,13.50230058,13.84522396,14.1968567
"73","JOR",4.393833203,4.532188592,4.674900589,4.822106378,4.973947463,5.130569801,5.211991792,5.294705946,5.378732772,5.464093101,5.550808096,5.724790721,5.904226597,6.08928665,6.280147162,6.47698994,6.745097486,7.024303035,7.315065976,7.617864715,7.93319746,8.27508179,8.631699762,9.003686329,9.391703807,9.796443053,10.20044412,10.62110603,11.05911584,11.51518899,11.9900704,12.45653848,12.94115428,13.44462383,13.96768063,14.51108671,15.03459013,15.57697952,16.1389362,16.72116609,17.32440056,17.89171696,18.4776111,19.08269131,19.70758588,20.35294367
"74","JPN",30.81722853,30.81693238,30.81663623,30.81634009,30.81604395,30.81574781,31.18255715,31.55373274,31.92932654,32.30939115,32.69397979,33.07015719,33.45066288,33.83554668,34.22485896,34.61865068,35.09125483,35.57031083,36.05590678,36.54813195,37.04707684,37.53816223,38.0357573,38.53994835,39.05082282,39.56846928,40.01284355,40.46220836,40.91661977,41.37613446,41.84080973,42.26426466,42.69200521,43.12407476,43.56051713,44.00137656,44.47645373,44.95666024,45.44205149,45.93268343,46.42861267,46.92727798,47.4312992,47.94073384,48.45564005,48.97607659
"75","KAZ",8.734314895,9.166168793,9.619375,10.09498925,10.59411946,11.11792835,11.68345387,12.27774546,12.90226633,13.55855414,14.24822475,14.94892787,15.68409037,16.45540688,17.26465542,18.1137014,19.04502975,20.02424299,21.05380315,22.13629885,23.27445181,24.07426822,24.90156997,25.75730158,26.64244004,27.5579959,28.27159601,29.00367444,29.75470965,30.52519254,31.31562669,31.89586916,32.48686286,33.088807,33.70190446,34.32636191,34.71675199,35.11158194,35.51090224,35.91476397,36.32321878,36.50347913,36.68463406,36.866688,37.04964541,37.23351078
"76","KEN",1.349645402,1.374984896,1.400800138,1.427100058,1.453893758,1.481190507,1.522185474,1.564315059,1.607610667,1.652104569,1.697829931,1.757778643,1.819844086,1.884100999,1.95062676,2.019501481,2.097831669,2.179200042,2.263724441,2.35152728,2.442735717,2.540385905,2.641939731,2.747553248,2.857388745,2.971614997,3.087074675,3.207020444,3.331626608,3.461074242,3.595551459,3.739360541,3.888921467,4.044464291,4.206228266,4.374462216,4.552659179,4.738115128,4.931125762,5.131998827,5.341054606,5.560487114,5.788934812,6.026768082,6.274372522,6.532149571
"77","KGZ",1.779527459,1.83080009,1.883550014,1.937819794,1.993653223,2.051095352,2.139353128,2.2314086,2.32742518,2.427573314,2.532030779,2.631021412,2.733882117,2.840764199,2.951824872,3.067227502,3.207510821,3.354210165,3.50761898,3.66804413,3.835806516,4.016084934,4.204836228,4.402458611,4.609369015,4.826003966,5.050313236,5.285048244,5.53069357,5.787756318,6.056767161,6.322790872,6.600498804,6.890404151,7.193042643,7.508973541,7.816285191,8.136173853,8.469154253,8.815762182,9.176555359,9.518349786,9.872874853,10.24060473,10.62203126,11.01766458
"78","KHM",1.503465533,1.586666948,1.67447271,1.767137621,1.864930585,1.968135389,2.079509192,2.19718547,2.32152087,2.452892223,2.591697682,2.752860595,2.92404531,3.105875028,3.299011701,3.504158442,3.682596356,3.870120643,4.067193996,4.274302671,4.491957685,4.689969308,4.896709555,5.112563194,5.337931955,5.573235279,5.789247321,6.013631736,6.246713027,6.488828274,6.740327623,6.99595164,7.261270087,7.536650621,7.822474844,8.119138827,8.42215312,8.736476206,9.06253014,9.40075273,9.751598122,10.09444469,10.44934505,10.816723,11.19701722,11.59068181
"79","KOR",23.41796124,24.16753644,24.94110446,25.73943328,26.56331545,27.4135689,28.3846155,29.39005863,30.43111667,31.5090512,32.62516845,33.7837407,34.98345573,36.22577457,37.51221015,38.84432913,40.03620149,41.26464444,42.53078008,43.83576494,45.18079104,46.32506025,47.49830974,48.70127348,49.93470403,51.19937299,52.30110747,53.42654964,54.57620966,55.75060865,56.95027897,58.03604112,59.14250342,60.27006052,61.41911461,62.59007551,63.69524503,64.81992883,65.96447147,67.1292236,68.31454207,69.43299902,70.56976754,71.72514742,72.89944336,74.09296508
"80","LAO",1.706062872,1.813071763,1.926792542,2.047646197,2.17608012,2.312569768,2.464022275,2.625393558,2.797333208,2.980533357,3.175731467,3.37478969,3.586325093,3.81111976,4.050004796,4.303863399,4.52678992,4.76126333,5.007881722,5.267274167,5.54010232,5.781610608,6.033646906,6.29667016,6.57115932,6.857614216,7.119502121,7.391391358,7.673663871,7.96671619,8.270959991,8.574255774,8.888673401,9.214620711,9.552520496,9.902811053,10.24835958,10.60596567,10.97605006,11.35904817,11.7554106,12.14075337,12.53872769,12.94974762,13.37424079,13.81264887
"81","LBN",9.590119887,10.13123789,10.70288823,11.30679367,11.94477418,12.61875245,12.91452426,13.21722869,13.52702823,13.84408918,14.16858174,14.63943803,15.12594201,15.62861369,16.14799037,16.6846272,17.22281504,17.77836295,18.35183089,18.94379691,19.55485768,20.11960841,20.70066933,21.29851148,21.9136195,22.54649205,23.1514266,23.77259187,24.41042334,25.06536817,25.73788552,26.38774585,27.05401462,27.73710612,28.43744512,29.1554671,29.83144042,30.52308628,31.23076804,31.95485749,32.69573505,33.38467919,34.08814033,34.80642437,35.53984364,36.28871707
"82","LBR",0.346230954,0.369947166,0.395287898,0.422364425,0.451295646,0.482208606,0.505733603,0.53040629,0.556282657,0.583421426,0.611884186,0.64657588,0.683234471,0.721971477,0.762904735,0.806158766,0.859272494,0.915885617,0.976228692,1.040547468,1.109103882,1.175265566,1.245374011,1.319664655,1.398386979,1.481805348,1.564453969,1.651712369,1.74383766,1.841101298,1.943789875,2.050449759,2.162962297,2.281648637,2.40684755,2.538916392,2.677712604,2.824096458,2.97848275,3.141308956,3.313036463,3.492117303,3.68087807,3.879841995,4.089560594,4.310615193
"83","LBY",13.86443815,14.21323116,14.57079889,14.93736209,15.31314706,15.6983858,16.23040207,16.7804483,17.34913553,17.93709549,18.54498135,19.11206015,19.6964794,20.29876936,20.91947647,21.55916391,22.17438198,22.80715607,23.45798718,24.12739057,24.81589624,25.44117752,26.08221389,26.73940233,27.41314981,28.10387358,28.70608241,29.32119536,29.94948892,30.59124553,31.24675368,31.80779957,32.37891922,32.96029351,33.55210658,34.15454584,34.63319809,35.11855832,35.61072054,36.10978006,36.61583356,37.06630506,37.52231855,37.98394221,38.45124507,38.92429698
"84","LKA",3.53640717,3.720077563,3.913287245,4.11653166,4.33033198,4.555236449,4.832578019,5.126805287,5.438946324,5.770091794,6.121398765,6.465628066,6.829214677,7.213247132,7.618875178,8.047313217,8.444201784,8.860664653,9.297667216,9.756222478,10.23739341,10.66826701,11.11727531,11.58518158,12.07278118,12.58090298,13.03152291,13.49828305,13.9817615,14.48255706,15.00129001,15.48473073,15.9837511,16.4988532,17.0305553,17.57939236,18.09599476,18.62777846,19.17518959,19.73868739,20.31874461,20.88531996,21.4676939,22.06630698,22.681612,23.31407442
"85","LSO",1.213232525,1.254913021,1.298025446,1.342618995,1.388744551,1.436454747,1.494531566,1.55495647,1.617824392,1.683234107,1.751288379,1.811556483,1.873898628,1.93838619,2.005093,2.074095429,2.155947099,2.241028945,2.329468444,2.4213981,2.51695565,2.624853747,2.737377274,2.854724514,2.977102254,3.104726144,3.24035926,3.381917647,3.529660156,3.683856947,3.844789981,4.024044579,4.211656515,4.408015432,4.613529136,4.828624451,5.059102395,5.30058142,5.553586624,5.818668169,6.096402479,6.385849001,6.689037937,7.006621753,7.339283892,7.687740248
"86","MDA",2.23612528,2.336503538,2.441387712,2.55098007,2.665491961,2.785144218,2.943695266,3.111272215,3.288388886,3.47558835,3.673444595,3.88863625,4.116433907,4.357576029,4.612844341,4.883066358,5.167316807,5.468113891,5.786420814,6.123256849,6.479700604,6.826544459,7.191954089,7.576923278,7.982499005,8.409784292,8.820437525,9.251143124,9.702880255,10.1766759,10.67360717,11.13743187,11.6214122,12.12642404,12.65338132,13.20323767,13.70166787,14.2189141,14.75568669,15.31272277,15.89078731,16.40290344,16.93152366,17.47717985,18.04042104,18.62181392
"87","MDG",0.870306452,0.870032353,0.86975834,0.869484414,0.869210573,0.86893682,0.867042513,0.865152337,0.863266281,0.861384337,0.859506495,0.88135538,0.90375967,0.926733484,0.950291297,0.974447957,1.013039365,1.053159123,1.094867758,1.138228195,1.183305851,1.236855554,1.292828613,1.351334695,1.41248843,1.476409635,1.545658,1.618154335,1.694050982,1.773507426,1.856690634,1.948560174,2.044975444,2.146161367,2.252353996,2.363801064,2.485333566,2.613114541,2.747465249,2.888723466,3.037244335,3.19569497,3.362411849,3.537826215,3.72239181,3.916586047
"88","MEX",12.2724682,12.30353043,12.33467128,12.36589095,12.39718963,12.42856754,12.72066756,13.0196326,13.32562401,13.63880693,13.95935036,14.27705868,14.60199789,14.93433256,15.27423102,15.62186541,15.97639107,16.3389624,16.709762,17.08897659,17.47679716,17.86609684,18.26406826,18.67090459,19.08680329,19.51196623,19.93345835,20.36405543,20.80395415,21.25335544,21.71246457,22.16606625,22.62914426,23.10189657,23.58452529,24.07723676,24.58235655,25.09807332,25.62460939,26.16219173,26.71105209,27.28370292,27.86863065,28.46609849,29.07637527,29.69973561
"89","MLI",0.883118105,0.899259632,0.915696193,0.932433179,0.949476081,0.966830492,0.961805136,0.9568059,0.951832649,0.946885248,0.941963563,0.971080242,1.001096936,1.032041465,1.063942508,1.096829633,1.139722628,1.184293012,1.230606381,1.278730896,1.328737385,1.385799816,1.445312785,1.50738153,1.572115808,1.639630089,1.712305077,1.788201313,1.867461574,1.950234968,2.036677211,2.132062053,2.231914106,2.336442586,2.445866507,2.56041514,2.684317835,2.814216385,2.950400939,3.093175688,3.242859541,3.402813144,3.570656436,3.746778576,3.931587916,4.125512951
"90","MMR",1.199999871,1.244896972,1.291473866,1.339793399,1.389920771,1.441923622,1.518824685,1.599827056,1.685149468,1.775022318,1.869688291,1.975339709,2.086961226,2.204890196,2.329483038,2.46111631,2.573148491,2.690280476,2.812744412,2.940783014,3.074650046,3.186306881,3.302018567,3.421932358,3.546200854,3.674982198,3.782372754,3.892901483,4.00666009,4.123742957,4.244247228,4.359424513,4.477727396,4.599240695,4.724051534,4.852249399,4.98012432,5.111369223,5.246072921,5.384326564,5.526223709,5.665827388,5.808957742,5.95570386,6.106157084,6.260411063
"91","MNG",2.877342418,3.01257147,3.154156003,3.302394712,3.457600328,3.620100283,4.005605976,4.4321643,4.904146963,5.426391218,6.004249439,6.507418983,7.052755262,7.643791942,8.284358818,8.978606633,9.536027492,10.12805484,10.75683715,11.42465629,12.1339358,12.76738868,13.433911,14.13522916,14.87315968,15.64961391,16.34968456,17.0810722,17.84517778,18.64346489,19.47746262,20.22502497,21.00127941,21.8073272,22.64431182,23.51342065,24.27606317,25.06344151,25.87635796,26.71564082,27.58214528,28.34394189,29.1267787,29.93123684,30.75791346,31.60742223
"92","MOR",3.601013893,3.730538321,3.864721596,4.003731294,4.147741014,4.296930602,4.453213622,4.615180788,4.783038837,4.957002027,5.137292406,5.388400724,5.651783094,5.928039464,6.217799108,6.521722062,6.838935757,7.171578588,7.52040102,7.886190022,8.269770839,8.650474802,9.048704704,9.465267363,9.901006739,10.35680564,10.80417385,11.27086639,11.75771797,12.2655994,12.79541906,13.31894189,13.86388458,14.43112353,15.02157099,15.63617652,16.22663721,16.83939516,17.47529236,18.13520261,18.8200327,19.46807096,20.13842339,20.83185836,21.54917067,22.2911825
"93","MOZ",0.664288933,0.693323305,0.723626694,0.755254568,0.788264814,0.822717855,0.866655016,0.912938636,0.961694028,1.013053197,1.067155197,1.125906924,1.187893201,1.253292102,1.32229151,1.395089647,1.465861568,1.540223699,1.618358168,1.700456345,1.786719305,1.870578864,1.958374365,2.050290543,2.146520802,2.247267621,2.346584578,2.450290803,2.558580276,2.671655552,2.789728139,2.916511421,3.049056556,3.187625399,3.332491705,3.483941674,3.64970159,3.823348076,4.005256362,4.195819529,4.395449362,4.610061808,4.835152933,5.07123437,5.318842732,5.578540833
"94","MRT",1.995244885,2.035279327,2.076117058,2.117774194,2.160267178,2.20361278,2.276237713,2.35125616,2.428747007,2.508791736,2.591474515,2.680717415,2.773033582,2.868528852,2.967312703,3.069498385,3.177996331,3.290329368,3.406633055,3.527047743,3.651718744,3.78330639,3.919635722,4.060877606,4.207209063,4.358813491,4.518026028,4.683054054,4.854109988,5.031414011,5.215194342,5.410237914,5.61257594,5.822481225,6.040236779,6.266136195,6.50958045,6.762482702,7.025210404,7.298145281,7.581683889,7.87874346,8.187442185,8.5082361,8.84159911,9.188023687
"95","MWI",0.643012134,0.670974728,0.700153329,0.730600816,0.762372369,0.795525568,0.812011967,0.828840028,0.846016832,0.863549607,0.88144573,0.912451985,0.944548935,0.977774946,1.012169735,1.047774415,1.090698189,1.135380404,1.181893098,1.230311261,1.280712951,1.335206997,1.392019753,1.451249878,1.513000232,1.577378049,1.644357982,1.714182073,1.786971092,1.862850938,1.941952857,2.028843838,2.119622679,2.21446334,2.313547564,2.417065224,2.530995772,2.650296538,2.775220653,2.906033179,3.043011671,3.19158747,3.347417518,3.510856007,3.682274421,3.862062382
"96","MYS",12.03597762,12.26284544,12.49398952,12.72949047,12.96943041,13.21389301,13.63912178,14.07803459,14.53107181,14.99868796,15.48135219,15.98836821,16.51198907,17.05275856,17.61123831,18.18800834,18.74395665,19.3168985,19.90735332,20.51585642,21.14295948,21.74094327,22.35583976,22.9881273,23.63829775,24.30685689,24.94833341,25.60673899,26.28252039,26.97613618,27.68805702,28.38126074,29.09181965,29.82016825,30.56675194,31.33202724,32.04586061,32.77595714,33.52268737,34.28643025,35.06757338,35.80431578,36.55653657,37.32456093,38.10872088,38.90935542
"97","NAM",5.28360876,5.396010026,5.510802468,5.628036956,5.747765442,5.87004098,6.007036966,6.147230187,6.29069526,6.437508545,6.587748182,6.784022654,6.986144902,7.194289152,7.408634823,7.62936668,7.880653391,8.140216674,8.408329134,8.685272354,8.971337189,9.266987517,9.572381,9.887838721,10.21369235,10.55028448,10.87001187,11.19942864,11.53882841,11.88851372,12.24879628,12.60371524,12.96891827,13.34470336,13.73137713,14.12925509,14.52235166,14.92638475,15.34165864,15.76848605,16.20718842,16.63381924,17.0716805,17.52106782,17.98228462,18.45564228
"98","NER",0.61229262,0.619682319,0.627161202,0.634730348,0.642390845,0.650143796,0.674395132,0.699551079,0.725645381,0.752713039,0.780790361,0.80073147,0.821181868,0.842154562,0.86366289,0.885720534,0.913766075,0.942699653,0.972549386,1.003344284,1.035114274,1.07198091,1.110160587,1.149700072,1.190647795,1.233053913,1.279197171,1.327067199,1.376728615,1.428248457,1.481696272,1.542976118,1.606790369,1.673243844,1.742445695,1.81450959,1.896311246,1.981800681,2.071144148,2.164515394,2.262095999,2.371844812,2.486918245,2.607574629,2.73408483,2.866732854
"99","NGA",1.755546324,1.825606737,1.898463124,1.974227066,2.053014599,2.134946388,2.222002691,2.312608872,2.406909684,2.505055782,2.607203965,2.714628085,2.826478379,2.94293722,3.064194492,3.190447903,3.319824427,3.454447326,3.594529346,3.740291861,3.891965223,4.044958653,4.203966266,4.369224479,4.540979004,4.719485212,4.8953437,5.077755065,5.266963483,5.463222226,5.666794004,5.880183143,6.101607676,6.331370185,6.569784645,6.817176854,7.078786589,7.350435619,7.632509204,7.925407386,8.22954556,8.549657126,8.882220342,9.227719549,9.58665793,9.959558239
"100","NIC",3.030624237,2.91603827,2.805784726,2.699699798,2.597625873,2.499411299,2.564548921,2.631384108,2.699961098,2.770325286,2.842523249,2.930692787,3.021597172,3.115321234,3.211952434,3.311580946,3.454641557,3.6038824,3.759570462,3.921984263,4.091414355,4.281705124,4.480846273,4.689249432,4.907345377,5.135584914,5.372421608,5.62018045,5.879365135,6.150502585,6.434144025,6.727421212,7.034066379,7.354688857,7.689925752,8.040443207,8.392764533,8.760524101,9.144398395,9.545093541,9.963346605,10.3823666,10.81900897,11.27401483,11.74815648,12.24223871
"101","NLD",35.3038673,35.63824578,35.9757913,36.31653387,36.66050376,37.00773154,37.37636367,37.74866772,38.12468027,38.50443827,38.88797902,39.42935112,39.97825984,40.5348101,41.09910827,41.67126222,42.17433015,42.68347127,43.19875888,43.72026721,44.24807134,44.77453166,45.30725577,45.84631819,46.39179434,46.94376053,47.52328507,48.10996389,48.7038853,49.30513873,49.91381468,50.59919879,51.29399415,51.99832999,52.71233732,53.43614893,54.22131395,55.01801582,55.82642403,56.64671061,57.47905008,58.30249463,59.13773585,59.98494273,60.84428669,61.7159416
"102","NOR",47.58290604,47.41388168,47.24545773,47.07763206,46.91040254,46.74376706,47.36932848,48.00326164,48.6456786,49.29669287,49.95641953,50.59955823,51.25097669,51.91078151,52.57908066,53.25598349,53.53912544,53.82377275,54.10993343,54.39761551,54.68682709,55.00457666,55.32417246,55.64562522,55.96894574,56.29414486,56.62175925,56.95128026,57.28271899,57.61608658,57.95139426,58.26580862,58.58192882,58.89976413,59.21932385,59.54061733,59.8805264,60.22237597,60.56617711,60.91194096,61.25967873,61.72694999,62.19778547,62.67221234,63.15025801,63.63195007
"103","NPL",0.956087783,0.979561353,1.003611239,1.02825159,1.053496903,1.079362032,1.103389013,1.127950843,1.153059428,1.178726939,1.204965817,1.241666241,1.279484472,1.318454558,1.358611582,1.399991693,1.453888115,1.509859423,1.567985496,1.628349287,1.691036944,1.760228745,1.832251652,1.907221505,1.985258883,2.0664893,2.149842687,2.236558194,2.326771435,2.420623495,2.518261148,2.624391092,2.73499379,2.850257743,2.970379397,3.095563474,3.229457356,3.369142615,3.514869747,3.666900084,3.825506262,3.992745292,4.167295483,4.349476457,4.539621806,4.738079708
"104","NZL",25.10696958,25.16237036,25.21789338,25.27353892,25.32930725,25.38519863,25.73419549,26.08799037,26.44664923,26.81023896,27.17882734,27.52531818,27.87622629,28.23160796,28.59152024,28.95602088,29.27851647,29.60460383,29.93432296,30.26771431,30.60481879,30.9348027,31.26834452,31.60548263,31.94625579,32.29070319,32.69034302,33.09492891,33.50452208,33.91918451,34.33897893,34.84085789,35.35007204,35.86672857,36.39093625,36.92280546,37.53841114,38.16428067,38.80058519,39.44749866,40.10519799,40.79989799,41.50663155,42.2256071,42.95703672,43.70113611
"105","OAO",10.18804071,8.001062596,6.283544056,4.934710288,3.875418937,3.04351645,3.179156734,3.320842094,3.468841941,3.623437691,3.784923304,4.024138403,4.278472399,4.548880837,4.836379656,5.142049004,5.379438796,5.627788015,5.887602619,6.159411923,6.443769679,6.708857024,6.984849678,7.272196271,7.571363885,7.882838822,8.174085189,8.476092203,8.789257437,9.113993152,9.450726841,9.779888621,10.12051486,10.47300486,10.83777182,11.21524335,11.57996417,11.95654576,12.34537381,12.74684659,13.16137531,13.56239432,13.97563215,14.40146107,14.84026474,15.29243849
"106","OBN",6.651022732,6.824713072,7.002939306,7.185819888,7.373476365,7.56603346,7.712003684,7.860790087,8.012447001,8.167029807,8.324594953,8.583629465,8.850724294,9.126130252,9.410105954,9.702918063,10.01500352,10.33712692,10.66961112,11.01278937,11.36700564,11.69706133,12.03670061,12.38620176,12.74585113,13.11594337,13.45356446,13.79987634,14.15510273,14.5194731,14.89322282,15.24134044,15.59759504,15.96217682,16.33528042,16.71710502,17.06464934,17.41941901,17.78156426,18.15123841,18.52859799,18.87451732,19.22689479,19.58585096,19.95150866,20.323993
"107","OIO",10.61041014,9.312699532,8.173705957,7.174017464,6.296596286,5.526488468,5.667813865,5.812753287,5.961399153,6.113846247,6.270191773,6.472224951,6.680767884,6.896030322,7.118228777,7.347586735,7.56349541,7.785748556,8.014532606,8.250039471,8.492466699,8.703743359,8.920276187,9.142195945,9.369636651,9.602735657,9.809555127,10.02082898,10.23665316,10.45712567,10.68234661,10.89965564,11.12138535,11.34762566,11.57846834,11.81400702,12.04879665,12.28825246,12.53246718,12.78153538,13.03555352,13.29827731,13.56629614,13.83971673,14.11864796,14.40320087
"108","OPO",10.14939929,9.906414851,9.669247645,9.437758404,9.211811194,8.991273334,9.182217827,9.37721734,9.576357989,9.779727718,9.987416337,10.16679916,10.34940385,10.53528828,10.72451136,10.91713306,11.11607808,11.31864852,11.52491044,11.73493111,11.94877903,12.16428747,12.38368284,12.60703522,12.83441599,13.06589781,13.30162921,13.54161362,13.78592776,14.03464975,14.28785911,14.55748321,14.83219535,15.11209154,15.39726961,15.68782924,15.9886971,16.29533513,16.607854,16.92636649,17.25098755,17.57475946,17.90460802,18.24064728,18.58299344,18.93176485
"109","OSA",45.79801682,46.90241163,48.03343834,49.19173916,50.37797179,51.59280978,52.74340737,53.91966502,55.122155,56.35146232,57.60818504,59.20030201,60.83642029,62.51775597,64.2455587,66.02111271,67.32467916,68.65398414,70.00953582,71.39185246,72.80146251,73.78856337,74.78904814,75.80309829,76.83089774,77.87263293,78.59907718,79.33229816,80.07235907,80.81932373,81.57325654,82.20118804,82.83395321,83.47158925,84.11413366,84.76162422,85.29891615,85.83961389,86.38373905,86.93131333,87.48235861,87.92726699,88.37443804,88.82388326,89.27561422,89.72964255
"110","PAK",2.137668121,2.189708701,2.243016185,2.297621416,2.353555988,2.410852262,2.445682559,2.481016061,2.516860036,2.55322186,2.590109013,2.651408257,2.71415825,2.778393326,2.844148631,2.911460146,3.002986958,3.097391074,3.194762948,3.295195876,3.398786088,3.517992643,3.641380163,3.769095287,3.901289798,4.038120804,4.187069961,4.34151322,4.501653237,4.66770014,4.839871809,5.025304934,5.217842678,5.417757245,5.625331268,5.840858207,6.064502719,6.296710504,6.537809448,6.788139991,7.048055606,7.312751388,7.587388048,7.872338924,8.167991374,8.474747307
"111","PAN",9.22194145,9.821963257,10.46102524,11.14166752,11.86659551,12.63869064,13.44085955,14.29394157,15.20116811,16.16597569,17.19201893,17.95650088,18.75497723,19.58895965,20.46002697,21.36982827,22.1635932,22.98684189,23.84066949,24.72621181,25.64464689,26.41825742,27.2152051,28.03619395,28.8819492,29.75321797,30.52052682,31.30762389,32.11501948,32.94323707,33.79281366,34.57814689,35.38173098,36.20399009,37.04535821,37.90627944,38.7281544,39.56784906,40.42574977,41.30225129,42.19775691,43.04984218,43.91913333,44.80597779,45.71073,46.63375158
"112","PER",6.416451315,6.796947933,7.200008063,7.626969725,8.079250283,8.558351153,8.983975635,9.430767301,9.89977884,10.39211529,10.90893665,11.42514689,11.96578418,12.53200438,13.1250181,13.74609318,14.30257614,14.8815872,15.48403836,16.11087854,16.76309508,17.32801562,17.91197412,18.51561216,19.13959296,19.78460207,20.36111783,20.95443304,21.56503723,22.19343419,22.8401424,23.45794038,24.09244905,24.74412039,25.41341866,26.10082062,26.76337007,27.44273783,28.13935082,28.8536468,29.58607465,30.3035996,31.03852606,31.79127604,32.5622818,33.35198608
"113","PHL",3.058268767,3.152700379,3.2500478,3.350401064,3.453852983,3.560499236,3.664671283,3.771891165,3.882248055,3.995833735,4.112742672,4.244335155,4.380138109,4.520286253,4.664918616,4.814178678,4.964120146,5.118731663,5.278158679,5.442551178,5.612063814,5.785176243,5.963628582,6.147585548,6.337216939,6.532697792,6.726363907,6.925771382,7.131090421,7.342496279,7.560169402,7.796804811,8.040846975,8.292527726,8.552086155,8.819768835,9.102147702,9.393567377,9.694317313,10.00469624,10.32501243,10.65729085,11.00026262,11.35427187,11.7196738,12.09683506
"114","PNG",1.860186481,1.926686397,1.995563623,2.066903144,2.140792986,2.217324321,2.37693361,2.548032029,2.731446597,2.928063865,3.138834201,3.230062864,3.323943043,3.420551803,3.519968449,3.62227459,3.752750205,3.887925597,4.027970055,4.173058964,4.323374026,4.493465236,4.670248215,4.853986231,5.044952912,5.24343265,5.447022646,5.658517556,5.878224309,6.106461752,6.343561112,6.597155288,6.860887304,7.135162436,7.420402164,7.717044813,8.030589628,8.356873821,8.696414995,9.049751783,9.417444704,9.80005432,10.1982085,10.6125388,11.0437024,11.49238321
"115","POL",13.90815655,14.52113359,15.16112649,15.82932592,16.52697505,17.25537181,17.76979999,18.29956464,18.84512296,19.40694582,19.98551811,20.62081089,21.27629815,21.9526218,22.6504442,23.37044874,23.98361428,24.61286732,25.25862993,25.92133529,26.6014279,27.2121719,27.83693802,28.47604818,29.12983172,29.79862552,30.44318188,31.10168025,31.77442222,32.46171586,33.16387594,33.80435097,34.45719512,35.12264727,35.80095093,36.49235428,37.07833986,37.67373507,38.27869099,38.89336114,39.51790153,40.05337778,40.59610984,41.14619605,41.70373605,42.26883083
"116","PRK",1.900000126,1.900000126,1.900000126,1.900000126,1.900000126,1.900000126,1.900000126,1.900000126,1.900000126,1.900000126,1.900000126,1.900000126,1.900000126,1.900000126,1.900000126,1.900000126,1.900000126,1.900000126,1.900000126,1.900000126,1.900000126,1.900000126,1.900000126,1.900000126,1.900000126,1.900000126,1.900000126,1.900000126,1.900000126,1.900000126,1.900000126,1.900000126,1.900000126,1.900000126,1.900000126,1.900000126,1.900000126,1.900000126,1.900000126,1.900000126,1.900000126,1.900000126,1.900000126,1.900000126,1.900000126,1.900000126
"117","PRT",21.43162166,21.46544602,21.49932376,21.53325497,21.56723973,21.60127813,21.53440071,21.46773034,21.40126638,21.33500819,21.26895514,21.63022096,21.9976231,22.37126578,22.75125501,23.13769857,23.51581545,23.90011152,24.29068776,24.68764681,25.09109298,25.49650618,25.9084699,26.32708999,26.752474,27.18473122,27.60545087,28.03268172,28.46652452,28.90708162,29.35445692,29.79303664,30.2381691,30.68995221,31.14848533,31.6138693,32.09595696,32.58539609,33.0822988,33.5867789,34.09895194,34.65173509,35.2134795,35.78433042,36.36443549,36.95394473
"118","PRY",3.857967869,4.004431457,4.156455376,4.31425072,4.478036593,4.64804042,4.774776813,4.90496888,5.038710845,5.176099503,5.317234287,5.488073299,5.664401249,5.846394492,6.034235051,6.228110795,6.468149374,6.717439317,6.976337183,7.245213271,7.524452153,7.823354812,8.134131133,8.457252787,8.793210182,9.142513208,9.492874918,9.856663278,10.23439283,10.62659783,11.033833,11.44868271,11.87912993,12.32576108,12.78918466,13.27003203,13.7489752,14.24520443,14.75934361,15.29203915,15.84396078,16.38860979,16.95198156,17.53471969,18.13748992,18.76098086
"119","PSE",2.402415566,2.46774752,2.53485613,2.60378971,2.674597889,2.747331645,2.850093848,2.956699806,3.067293293,3.182023459,3.301045034,3.457995452,3.622408184,3.79463803,3.97505666,4.164053417,4.386041295,4.619863464,4.866150816,5.125567876,5.398814596,5.68262092,5.98134645,6.295775464,6.626733465,6.975089355,7.319582476,7.681089788,8.060451607,8.458549751,8.876309589,9.288908087,9.720685448,10.17253316,10.64538417,11.14021476,11.61970517,12.11983352,12.64148809,13.1855954,13.75312186,14.3004734,14.86960863,15.46139451,16.07673248,16.71655989
"120","RAP",49.65376365,47.83023718,46.07367943,44.38163097,42.75172273,41.1816726,42.20564908,43.25508659,44.33061822,45.43289279,46.56257526,47.45924664,48.37318553,49.30472445,50.25420233,51.22196463,52.09535131,52.98363011,53.88705498,54.80588416,55.74038032,56.58375895,57.43989829,58.30899144,59.19123438,60.08682607,60.79237769,61.50621403,62.22843238,62.95913117,63.69840997,64.35692329,65.02224431,65.69444341,66.3735917,67.05976101,67.61193641,68.16865846,68.72996461,69.29589259,69.86648048,70.36449288,70.86605515,71.37119259,71.87993068,72.39229508
"121","ROU",9.422220753,9.700166595,9.986311554,10.2808975,10.58417342,10.89639567,11.12541112,11.35923991,11.59798321,11.8417443,12.09062865,12.52661589,12.9783248,13.4463223,13.93119576,14.43355372,14.9195643,15.42193996,15.94123175,16.47800927,17.03286132,17.54005592,18.06235347,18.60020369,19.1540697,19.7244284,20.2130222,20.71371895,21.22681846,21.75262796,22.29146229,22.78554796,23.29058495,23.80681598,24.33448916,24.87385811,25.36851499,25.87300892,26.38753553,26.91229433,27.44748881,27.97332003,28.50922496,29.05539661,29.61203167,30.17933058
"122","RUS",11.87700462,12.2909045,12.71922832,13.16247873,13.6211759,14.09585814,14.66340637,15.25380606,15.86797729,16.50687719,17.17150142,17.81719547,18.48716933,19.18233599,19.90364276,20.65207258,21.36386592,22.10019189,22.86189603,23.64985304,24.46496773,25.23266255,26.02444713,26.84107739,27.68333299,28.55201801,29.3030918,30.07392292,30.8650311,31.67694974,32.51022627,33.19030469,33.88460961,34.59343863,35.31709558,36.05589064,36.61980656,37.19254215,37.77423535,38.36502626,38.96505717,39.4342162,39.90902414,40.38954901,40.87585964,41.36802569
"123","RWA",0.839698333,0.876533344,0.914984194,0.955121766,0.997020052,1.040756287,1.087580411,1.136511175,1.187643357,1.241076001,1.296912605,1.352768214,1.411029421,1.471799829,1.535187506,1.601305172,1.677502233,1.757325082,1.84094625,1.928546475,2.020315101,2.113962177,2.211950049,2.314479924,2.421762337,2.534017579,2.644165139,2.759100544,2.87903191,3.0041764,3.134760616,3.26779941,3.406484351,3.551055061,3.701761331,3.858863554,4.02007207,4.188015259,4.36297447,4.545242806,4.735125614,4.930709527,5.134372016,5.346446765,5.567281241,5.797237264
"124","SAU",20.28219539,20.33240188,20.38273264,20.43318799,20.48376824,20.5344737,21.10529125,21.69197639,22.29497021,22.91472606,23.55170989,24.01322556,24.48378503,24.9635655,25.45274768,25.95151579,26.45788678,26.97413818,27.50046277,28.03705711,28.58412159,29.15671633,29.74078124,30.33654609,30.94424526,31.5641178,31.99318995,32.42809477,32.86891154,33.31572062,33.76860348,34.19147284,34.61963761,35.0531641,35.49211945,35.93657164,36.32226845,36.71210483,37.10612521,37.50437449,37.90689807,38.24774239,38.59165144,38.9386528,39.28877426,39.64204387
"125","SDN",1.589397351,1.646910627,1.706505055,1.768255943,1.832241323,1.898542051,1.89888253,1.899223071,1.899563672,1.899904334,1.900245058,2.005471304,2.116524462,2.2337272,2.35742005,2.487962403,2.584976148,2.685772773,2.790499787,2.899310448,3.01236399,3.131131429,3.254581471,3.382898736,3.516275121,3.65491009,3.79977876,3.950389549,4.106970057,4.269756903,4.438996087,4.624200227,4.817131468,5.018112201,5.227478267,5.445579521,5.680266217,5.925067143,6.180418189,6.446774032,6.724608941,7.017398963,7.322937086,7.641778363,7.974502016,8.321712484
"126","SEN",1.660802666,1.675965628,1.691267026,1.706708125,1.722290199,1.738014536,1.765088186,1.792583571,1.820507262,1.848865929,1.877666349,1.938891728,2.002113494,2.067396741,2.134808691,2.204418753,2.288219571,2.375206071,2.465499356,2.559225133,2.65651389,2.760624389,2.868815046,2.981245765,3.098082717,3.219498585,3.344911259,3.475209272,3.610582928,3.751229942,3.897355734,4.057492748,4.224209572,4.397776563,4.578475184,4.766598463,4.969467052,5.180969819,5.40147424,5.631363429,5.871036805,6.126789661,6.393683568,6.672203851,6.962856975,7.266171469
"127","SLB",2.078421095,2.144509804,2.212699972,2.283058421,2.355654096,2.430558136,2.506334261,2.584472815,2.665047451,2.748134115,2.833811125,2.913781156,2.996007938,3.080555157,3.167488294,3.256874681,3.382763188,3.513517685,3.649326256,3.790384258,3.936894598,4.087730401,4.244345237,4.406960518,4.575806144,4.751120819,4.924642699,5.104501999,5.290930175,5.484167137,5.684461558,5.892122481,6.107369532,6.330479843,6.561740671,6.801449763,7.052785781,7.313409495,7.583664116,7.863905537,8.154502803,8.457267856,8.771274142,9.096939034,9.434695399,9.784992175
"128","SLE",0.649260902,0.666779172,0.684770117,0.703246492,0.722221394,0.741708274,0.801828046,0.866820874,0.93708175,1.013037679,1.095150277,1.128376621,1.162611037,1.197884109,1.234227349,1.271673225,1.32302646,1.376453462,1.432037976,1.489867127,1.550031558,1.620102862,1.693341835,1.769891676,1.849902058,1.93352942,2.022051959,2.114627316,2.211441039,2.312687172,2.418568645,2.533173447,2.653208842,2.77893216,2.910612926,3.048533436,3.196046864,3.35069822,3.512832897,3.682812999,3.861018153,4.049606797,4.247406916,4.45486844,4.672463272,4.900686366
"129","SLV",5.710101228,5.762618442,5.815618669,5.869106352,5.923085974,5.977562061,6.053627454,6.13066079,6.208674388,6.28768072,6.36769242,6.517089936,6.669992586,6.826482607,6.986644165,7.150563402,7.326774315,7.507327584,7.692330216,7.881891857,8.076124854,8.284532174,8.498317521,8.717619675,8.942581001,9.173347535,9.412155194,9.657179677,9.908582827,10.1665307,10.43119367,10.71574006,11.00804842,11.30833049,11.61680378,11.93369173,12.26623365,12.60804211,12.95937535,13.32049876,13.69168517,14.07189914,14.46267154,14.86429556,15.27707257,15.70131227
"130","SOM",0.037682045,0.036862538,0.036060854,0.035276605,0.034509411,0.033758903,0.03402048,0.034284085,0.034549732,0.034817438,0.035087217,0.036602755,0.038183755,0.039833044,0.04155357,0.043348413,0.045808456,0.048408108,0.051155291,0.054058379,0.057126218,0.060530712,0.0641381,0.067960474,0.072010646,0.076302193,0.080754123,0.085465806,0.090452397,0.095729936,0.101315398,0.107723555,0.114537024,0.121781442,0.129484067,0.137673879,0.146898464,0.156741126,0.167243277,0.178449105,0.190405759,0.203542643,0.217585897,0.232598052,0.248645959,0.265801078
"131","SPP",27.48876543,27.38248175,27.276609,27.17114561,27.06608999,26.96144056,27.0509045,27.1406653,27.23072395,27.32108144,27.41173875,27.63481381,27.85970424,28.08642482,28.31499043,28.5454161,28.77909513,29.01468712,29.25220771,29.49167269,29.73309799,30.03427779,30.33850837,30.64582064,30.95624581,31.26981542,31.59126168,31.91601232,32.24410133,32.57556301,32.91043204,33.22698454,33.54658183,33.86925321,34.19502823,34.52393676,34.84534043,35.16973625,35.49715205,35.82761596,36.16115636,36.55264527,36.94837252,37.34838401,37.75272611,38.16144572
"132","SVK",16.20042505,16.90493376,17.64007948,18.40719452,19.20766913,20.04295403,20.63336256,21.24116286,21.86686723,22.51100307,23.17411332,23.85818919,24.56245826,25.28751663,26.03397797,26.80247408,27.47293631,28.16017011,28.86459502,29.58664108,30.32674907,31.05391894,31.79852477,32.56098464,33.34172664,34.14118915,34.93583907,35.74898477,36.58105678,37.43249559,38.30375198,39.11810079,39.94976289,40.79910636,41.66650713,42.55234908,43.33623628,44.13456403,44.94759834,45.77561014,46.61887534,47.3785007,48.15050369,48.93508598,49.73245255,50.5428117
"133","SVN",23.60933719,23.93539194,24.26594965,24.60107249,24.94082351,25.28526664,25.57238248,25.86275854,26.15643184,26.45343981,26.75382033,27.25313823,27.76177511,28.2799049,28.80770476,29.34535518,29.84394246,30.35100091,30.86667444,31.39110944,31.92445476,32.47908848,33.04335803,33.61743082,34.20147715,34.79567031,35.41308403,36.04145313,36.68097199,37.33183847,37.99425391,38.64717235,39.31131098,39.98686261,40.67402336,41.37299274,42.02302604,42.68327236,43.35389217,44.03504844,44.72690673,45.3836353,46.05000667,46.72616242,47.41224622,48.10840383
"134","SWE",32.82602313,33.01141298,33.19784985,33.38533964,33.57388832,33.76350185,34.43344392,35.11667911,35.81347119,36.52408916,37.24880735,37.86236654,38.48603222,39.11997087,39.76435171,40.41934673,40.97134481,41.53088141,42.09805947,42.67298336,43.25575886,43.80585974,44.36295646,44.92713801,45.49849449,46.07711713,46.6577398,47.24567895,47.84102678,48.44387666,49.05432311,49.69112069,50.33618484,50.98962288,51.6515435,52.32205684,52.98587994,53.65812513,54.33889927,55.02831056,55.72646858,56.36554478,57.01194995,57.66576816,58.32708442,58.99598471
"135","SWZ",4.526823689,4.571290691,4.616194494,4.661539386,4.707329701,4.753569815,4.668884833,4.585708517,4.504013989,4.423774851,4.344965177,4.365526648,4.386185421,4.406941957,4.427796719,4.44875017,4.549004625,4.651518356,4.756342278,4.863528451,4.973130109,5.116635697,5.26428231,5.416189441,5.572480034,5.733280578,5.920733595,6.1143155,6.31422668,6.520674075,6.733871391,6.972851202,7.220312218,7.476555432,7.741892516,8.016646205,8.309445978,8.612939961,8.927518751,9.253587208,9.59156498,9.938417369,10.29781271,10.6702046,11.056063,11.45587491
"136","SYR",4.124914185,4.242833422,4.364123626,4.488881163,4.617205152,4.74919755,4.783805613,4.81866587,4.853780159,4.88915033,4.924778249,5.248505323,5.593512384,5.961198259,6.353053723,6.770667551,7.062882713,7.367709587,7.68569248,8.017399193,8.363422032,8.706906841,9.064498533,9.436776475,9.824343831,10.22782854,10.61551584,11.0178985,11.43553352,11.86899906,12.31889518,12.76556913,13.22843914,13.70809247,14.20513768,14.72020538,15.2345395,15.76684481,16.31774924,16.88790264,17.4779776,18.05855761,18.6584232,19.27821502,19.91859495,20.5802469
"137","TCD",1.307898417,1.313671514,1.319470093,1.325294267,1.33114415,1.337019854,1.354586457,1.372383861,1.390415099,1.408683242,1.427191403,1.443453132,1.45990015,1.476534569,1.493358525,1.510374176,1.555079477,1.601108004,1.64849892,1.697292552,1.747530418,1.814633588,1.884313443,1.956668924,2.031802773,2.109821676,2.198914731,2.291769987,2.388546313,2.489409287,2.594531479,2.715646734,2.842415766,2.975102501,3.113983182,3.259346948,3.416862773,3.581990933,3.755099309,3.936573567,4.126818007,4.32942794,4.541985194,4.764978141,4.998919134,5.244345674
"138","TGO",0.866498507,0.872742584,0.879031657,0.885366049,0.891746088,0.898172102,0.924466837,0.951531372,0.979388245,1.00806065,1.037572463,1.076964959,1.117853031,1.16029346,1.204345183,1.250069375,1.300044885,1.352018326,1.40606957,1.462281686,1.52074106,1.580581078,1.642775757,1.70741775,1.774603356,1.844432666,1.915206871,1.988696811,2.065006691,2.14424472,2.226523254,2.31973275,2.416844298,2.518021251,2.6234338,2.733259261,2.856282953,2.984843927,3.119191417,3.259585872,3.406299466,3.566433475,3.734095566,3.909639643,4.093436246,4.285873336
"139","THA",6.692170674,6.877733638,7.06844196,7.264438313,7.465869324,7.672885688,7.949045001,8.235143726,8.531539596,8.838603224,9.156718558,9.575329849,10.0130785,10.4708394,10.94952743,11.45009931,11.95767149,12.48774386,13.04131385,13.61942308,14.22315934,14.79378483,15.3873035,16.00463383,16.64673111,17.31458899,17.93306591,18.57363482,19.23708484,19.92423329,20.63592667,21.31705098,22.02065696,22.74748667,23.49830665,24.27390873,25.01852291,25.7859785,26.57697616,27.39223808,28.23250855,29.03642867,29.8632404,30.71359558,31.58816461,32.48763697
"140","TJK",1.3738453,1.47175447,1.576641286,1.68900302,1.809372383,1.938320052,2.033615337,2.133595704,2.238491492,2.348544361,2.464007854,2.56959975,2.679716651,2.794552471,2.914309433,3.039198425,3.190536859,3.349411266,3.516196906,3.691287722,3.875097274,4.0714968,4.27785034,4.494662389,4.722463009,4.961809129,5.196901598,5.443132841,5.701030617,5.971147691,6.254063019,6.540794147,6.840671088,7.15429654,7.482300834,7.825343197,8.16144835,8.511989504,8.8775867,9.258886606,9.656563668,10.03366112,10.42548457,10.83260908,11.25563216,11.69517467
"141","TKM",4.752059407,5.195241775,5.679755827,6.2094562,6.788557021,7.421665432,7.932263663,8.477990202,9.06126182,9.684661553,10.35095015,11.15632933,12.02437286,12.95995649,13.96833533,15.05517338,16.00617435,17.01724787,18.09218861,19.23503091,20.45006394,21.50378558,22.61180187,23.77691045,25.00205307,26.29032309,27.38502505,28.52530927,29.71307374,30.95029551,32.23903391,33.18304127,34.15469058,35.15479124,36.18417635,37.2437034,38.09240905,38.96045491,39.84828171,40.75634022,41.68509147,42.4097407,43.14698715,43.89704982,44.6601515,45.43651886
"142","TLS",0.93285989,0.964475525,0.997162647,1.030957572,1.065897843,1.102022278,1.148725477,1.197407936,1.248153536,1.301049711,1.356187601,1.418106863,1.482853164,1.550555577,1.621349069,1.69537477,1.766186793,1.839956476,1.916807353,1.996868121,2.080272848,2.15084476,2.223810779,2.299252122,2.377252764,2.457899528,2.530112696,2.604447488,2.68096624,2.759733114,2.840814162,2.91924495,2.999841098,3.08266239,3.167770259,3.255227834,3.336049656,3.418878148,3.503763132,3.590755667,3.67990808,3.760236087,3.842317558,3.92619077,4.011894834,4.099469715
"143","TUN",7.30871139,7.54408058,7.787029581,8.037802493,8.296651278,8.563836009,8.705226064,8.848950488,8.99504782,9.143557239,9.294518568,9.741873409,10.2107599,10.70221439,11.2173231,11.75722452,12.30016577,12.86817971,13.46242417,14.08411047,14.73450585,15.36320402,16.01872776,16.70222166,17.41487916,18.15794464,18.85303626,19.5747362,20.32406303,21.10207432,21.90986811,22.6521462,23.41957171,24.21299661,25.03330173,25.88139772,26.6355489,27.41167509,28.21041662,29.03243246,29.87840081,30.59366725,31.32605662,32.07597885,32.84385365,33.6301108
"144","TUR",11.43122533,11.64514645,11.86307084,12.08507341,12.31123048,12.5416198,12.97578271,13.42497537,13.88971808,14.37054915,14.86802551,15.35180141,15.8513184,16.36708868,16.8996411,17.44952171,17.93069314,18.42513289,18.93320685,19.45529098,19.9917716,20.47361726,20.96707647,21.47242913,21.9899619,22.51996834,23.01145194,23.51366184,24.02683214,24.55120205,25.08701598,25.61918743,26.16264785,26.7176367,27.28439854,27.86318312,28.42296591,28.99399498,29.57649625,30.17070021,30.77684198,31.3651354,31.96467394,32.57567255,33.19835028,33.83293037
"145","TZA",1.038256049,1.078370737,1.12003532,1.163309681,1.208256017,1.254938926,1.299231325,1.345087001,1.392561128,1.44171083,1.492595243,1.554790311,1.619576989,1.687063269,1.75736164,1.830589279,1.919567177,2.012869947,2.110707807,2.213301188,2.320881238,2.431311996,2.546997203,2.668186873,2.795142917,2.928139705,3.059275857,3.196284916,3.339429899,3.4889856,3.645239124,3.804161486,3.970012425,4.143094006,4.323721466,4.512223785,4.707067747,4.910325336,5.122359864,5.343550331,5.574292103,5.811619532,6.059051259,6.317017478,6.585966699,6.866366527
"146","UGA",0.925423587,0.966384855,1.009159157,1.053826744,1.100471415,1.149180682,1.180742393,1.213170932,1.246490105,1.280724374,1.315898871,1.369933836,1.426187648,1.484751418,1.545720003,1.60919215,1.680679246,1.7553421,1.833321793,1.914765673,1.999827633,2.087968251,2.179993588,2.276074859,2.376390827,2.481128131,2.587252206,2.697915473,2.813312086,2.933644501,3.059123836,3.194849544,3.336597064,3.484633569,3.639238085,3.800702018,3.973980083,4.155158079,4.344596174,4.542670955,4.749776176,4.969339253,5.199051851,5.439383139,5.690823977,5.953887915
"147","UKP",32.95683643,32.85887902,32.76121277,32.66383681,32.56675028,32.46995232,32.78361457,33.10030682,33.42005835,33.7428987,34.06885771,34.69208151,35.32670599,35.97293969,36.63099498,37.30108813,37.84179064,38.39033097,38.94682274,39.5113812,40.08412328,40.5922862,41.10689131,41.62802028,42.15575582,42.69018168,43.21304375,43.74230974,44.2780581,44.82036821,45.36932044,45.95458046,46.54739028,47.1478473,47.75605016,48.37209877,49.00318009,49.64249473,50.29015013,50.9462551,51.61091986,52.23216718,52.86089253,53.49718593,54.14113847,54.79284236
"148","UKR",5.691486868,5.766971951,5.843458178,5.920958826,5.999487351,6.079057384,6.341510375,6.615294328,6.900898439,7.198833023,7.509630427,7.816305829,8.135505124,8.467739757,8.81354206,9.173466105,9.552639681,9.947485915,10.35865262,10.78681437,11.23267365,11.67112022,12.12668074,12.60002322,13.09184174,13.60285748,14.08400408,14.58216931,15.09795515,15.63198484,16.18490369,16.6961333,17.22351102,17.76754693,18.3287672,18.90771463,19.43394554,19.97482227,20.53075244,21.10215499,21.68946057,22.23217772,22.78847482,23.35869168,23.9431766,24.54228659
"149","URY",9.539335011,10.08469088,10.66122429,11.27071763,11.91505521,12.59622903,13.08436235,13.59141198,14.11811096,14.66522077,15.23353236,15.75775312,16.30001352,16.86093435,17.44115774,18.04134796,18.58551597,19.14609733,19.72358709,20.31849526,20.93134721,21.48890062,22.06130571,22.6489581,23.25226393,23.87164017,24.4409536,25.02384457,25.62063686,26.23166202,26.85725949,27.45336777,28.06270693,28.68557063,29.32225905,29.97307905,30.6043457,31.24890754,31.90704457,32.57904271,33.26519388,33.95451928,34.65812896,35.37631893,36.10939131,36.85765451
"150","USA",42.28445983,42.26039927,42.23635241,42.21231923,42.18829972,42.16429388,42.84956888,43.5459813,44.25371217,44.97294542,45.70386801,46.66753854,47.65152816,48.65626529,49.68218741,50.72974119,51.50735641,52.29689138,53.0985288,53.91245419,54.73885591,55.38993459,56.04875738,56.71541639,57.39000482,58.07261698,58.62747165,59.18762768,59.75313571,60.32404689,60.90041284,61.40412202,61.9119974,62.42407343,62.94038485,63.46096671,63.92217294,64.38673101,64.85466528,65.3260003,65.80076076,66.19854193,66.59872778,67.00133284,67.40637175,67.81385921
"151","UZB",2.022234174,2.168258157,2.324826421,2.492700359,2.672696346,2.865689706,3.029419055,3.202502977,3.385475937,3.578902941,3.783381273,3.981213216,4.189389735,4.408451746,4.638968448,4.881538804,5.137153847,5.406153819,5.689239603,5.987148784,6.300657568,6.590477864,6.893629437,7.210725502,7.542407486,7.889346317,8.21514995,8.554408185,8.90767665,9.275533922,9.658582471,10.01816092,10.39112609,10.77797634,11.1792286,11.59541905,11.97594285,12.36895419,12.77486288,13.19409218,13.62707921,14.02149846,14.4273337,14.84491535,15.27458339,15.71668765
"152","VEN",9.909013107,10.10302775,10.30084113,10.50252762,10.70816306,10.91782475,11.17441847,11.43704272,11.70583924,11.98095309,12.26253275,12.46967289,12.68031208,12.8945094,13.11232497,13.33381991,13.62323906,13.91894025,14.22105982,14.52973709,14.84511441,15.15831187,15.47811707,15.80466942,16.13811127,16.47858796,16.82878209,17.18641835,17.55165491,17.92465328,18.30557841,18.68510662,19.07250356,19.46793238,19.87155959,20.28355518,20.70814563,21.14162393,21.58417612,22.03599214,22.4972659,22.97007957,23.45283013,23.94572641,24.44898164,24.96281354
"153","VNM",2.144331551,2.269070439,2.401065569,2.540739049,2.688537538,2.844933681,2.985308938,3.132610618,3.287180485,3.449377168,3.619576991,3.843606907,4.081502921,4.334123258,4.602379266,4.887238697,5.13230777,5.389665755,5.659928877,5.943744259,6.241791476,6.513033534,6.796062633,7.091390989,7.399553076,7.721106594,8.014279205,8.318583662,8.634442647,8.962294886,9.302595769,9.637845657,9.985177388,10.34502637,10.7178437,11.10409674,11.48339562,11.87565077,12.28130475,12.70081524,13.13465557,13.5509916,13.98052444,14.42367241,14.88086708,15.35255368
"154","VUT",3.520175579,3.610089751,3.702300557,3.79686666,3.89384822,3.993306934,4.04988587,4.107266442,4.165460007,4.224478084,4.284332355,4.372130108,4.461727078,4.553160137,4.64646691,4.741685796,4.88673613,5.036223619,5.190283999,5.349057157,5.512687258,5.700711017,5.89514779,6.096216306,6.304142759,6.519161055,6.746478001,6.981721272,7.225167253,7.477101963,7.737821398,8.023585409,8.319902917,8.627163671,8.945771813,9.276146412,9.628150109,9.993511357,10.37273704,10.76635327,11.17490613,11.60148056,12.04433842,12.50410128,12.98141446,13.47694788
"155","YEM",2.219717172,2.249555561,2.27979505,2.310441031,2.341498969,2.372974401,2.300417971,2.230080038,2.161892768,2.095790403,2.031709194,2.072008088,2.11310631,2.155019714,2.197764469,2.241357065,2.311513551,2.383865997,2.458483139,2.535435865,2.614797281,2.713662175,2.816265129,2.922747478,3.0332559,3.14794262,3.271666387,3.400252875,3.533893206,3.672786011,3.817137727,3.965222593,4.119052373,4.27884994,4.444846811,4.617283488,4.787166597,4.963300192,5.145914248,5.335247199,5.531546252,5.724559384,5.924307354,6.131025162,6.344956008,6.566351577
"156","ZAF",8.508314383,8.692514193,8.880701816,9.072963587,9.269387707,9.470064289,9.73727484,10.01202509,10.2945278,10.58500169,10.88367169,11.26736211,11.66457906,12.0757994,12.5015168,12.94224235,13.36147427,13.79428618,14.24111795,14.70242373,15.17867238,15.6139863,16.06178472,16.52242569,16.99627754,17.48371912,17.9364775,18.4009605,18.87747175,19.36632274,19.86783301,20.34324276,20.8300284,21.32846214,21.83882272,22.36139552,22.85208058,23.35353293,23.86598886,24.38968981,24.92488254,25.42741105,25.9400714,26.46306786,26.99660884,27.54090691
"157","ZMB",1.161462466,1.202870809,1.245755438,1.290168985,1.33616596,1.383802814,1.439517328,1.497475012,1.557766183,1.62048479,1.685728567,1.7596474,1.836807557,1.917351172,2.001426606,2.089188729,2.184756416,2.284695742,2.389206686,2.49849837,2.612789485,2.732412937,2.857513206,2.988341042,3.125158674,3.268240339,3.411464066,3.560964271,3.717016007,3.87990638,4.049935079,4.230999593,4.420159141,4.617775634,4.824227166,5.039908734,5.268768086,5.508019809,5.758135815,6.019609444,6.292956441,6.577191529,6.874264714,7.184755857,7.509271008,7.848443594
"158","ZWE",0.40000008,0.403015453,0.406053557,0.409114564,0.412198647,0.415305978,0.430686719,0.446637081,0.46317816,0.480331833,0.498120788,0.509867789,0.521891815,0.5341994,0.54679723,0.55969215,0.583668865,0.608672722,0.634747722,0.661939752,0.690296664,0.728063511,0.767896621,0.809909042,0.854220006,0.900955269,0.956203017,1.014838629,1.077069852,1.143117175,1.213214606,1.292945001,1.377915142,1.468469376,1.564974679,1.667822147,1.778861091,1.897292699,2.023609153,2.158335404,2.302031352,2.451825362,2.611366523,2.781289084,2.962268567,3.155024451
